TestCfg,EncodeMethod,CodecName,EncodePreset,Class,Name,Res,FPS,BitDepth,QP,POC,FrameType,Level,qindex,FrameSize,PSNR_Y,PSNR_U,PSNR_V,SSIM_Y(dB),MS-SSIM_Y(dB),VMAF_Y,VMAF_Y-NEG,PSNR-HVS,CIEDE2000,CAMBI
STILL,aom,av2,0,F1,animals_00.y4m,4032x3024,25,8,60,0, KEY ,1,62,5586253,48.586961,49.497796,50.878402,50.260628,34.434181,96.984459,96.317642,54.218452,47.755232,0.000002
STILL,aom,av2,0,F1,animals_00.y4m,4032x3024,25,8,85,0, KEY ,1,87,3691285,42.678737,45.899548,48.335008,44.635441,28.429684,96.216377,95.219027,49.610142,43.311588,0.000023
STILL,aom,av2,0,F1,animals_00.y4m,4032x3024,25,8,110,0, KEY ,1,112,1977323,36.657464,42.770240,45.918154,38.434243,22.095109,94.168592,92.717809,43.052709,38.720397,0.000358
STILL,aom,av2,0,F1,animals_00.y4m,4032x3024,25,8,135,0, KEY ,1,137,862448,32.044924,40.122544,43.629807,32.173562,17.472712,88.104502,86.155723,36.204639,34.894018,0.001634
STILL,aom,av2,0,F1,animals_00.y4m,4032x3024,25,8,160,0, KEY ,1,162,394632,28.660702,37.518752,41.396348,25.977947,14.086872,73.158326,71.072164,29.997909,31.883719,0.008391
STILL,aom,av2,0,F1,animals_00.y4m,4032x3024,25,8,185,0, KEY ,1,187,173213,25.298142,35.101803,39.260383,19.980169,10.511039,49.308591,47.435715,24.243314,28.832474,0.025676
STILL,aom,av2,0,F1,animals_03.y4m,4032x3024,25,8,60,0, KEY ,1,62,3829023,48.729226,50.604300,50.964262,46.472281,31.427170,96.590531,95.824645,52.652719,48.075882,0.000007
STILL,aom,av2,0,F1,animals_03.y4m,4032x3024,25,8,85,0, KEY ,1,87,2136434,42.906151,48.374138,48.738632,40.730437,25.438694,95.275675,94.203414,47.846576,44.178603,0.002076
STILL,aom,av2,0,F1,animals_03.y4m,4032x3024,25,8,110,0, KEY ,1,112,884797,37.745429,46.192367,46.738996,34.413166,19.674947,91.995126,90.441875,41.408412,40.459431,0.241328
STILL,aom,av2,0,F1,animals_03.y4m,4032x3024,25,8,135,0, KEY ,1,137,320504,34.233759,44.176318,44.811106,28.423246,15.229624,84.191312,82.036550,35.021886,37.623905,1.148508
STILL,aom,av2,0,F1,animals_03.y4m,4032x3024,25,8,160,0, KEY ,1,162,135012,31.744964,42.488877,42.824381,23.102710,12.180014,67.123135,64.949490,30.071061,35.374885,1.793233
STILL,aom,av2,0,F1,animals_03.y4m,4032x3024,25,8,185,0, KEY ,1,187,59639,29.169753,40.636943,40.537509,18.009319,9.598626,42.526347,40.934373,26.005788,32.911749,1.813222
STILL,aom,av2,0,F1,animals_09.y4m,4032x3024,25,8,60,0, KEY ,1,62,1034987,51.287591,55.508311,56.077747,43.902992,29.380622,96.448985,95.356844,50.792866,54.112061,0.015727
STILL,aom,av2,0,F1,animals_09.y4m,4032x3024,25,8,85,0, KEY ,1,87,524009,47.576066,53.199942,53.885814,38.366187,24.791296,95.248446,93.791018,46.425500,50.038628,0.040443
STILL,aom,av2,0,F1,animals_09.y4m,4032x3024,25,8,110,0, KEY ,1,112,249980,43.800967,50.869198,51.858087,32.321222,20.335973,91.944831,89.950052,41.418569,46.524183,0.166437
STILL,aom,av2,0,F1,animals_09.y4m,4032x3024,25,8,135,0, KEY ,1,137,104966,40.106930,48.368846,49.573881,26.080554,16.229630,82.453328,80.343429,36.630904,43.125310,0.562748
STILL,aom,av2,0,F1,animals_09.y4m,4032x3024,25,8,160,0, KEY ,1,162,41948,37.039281,45.634276,46.785138,20.424251,13.290733,65.087506,63.112395,33.036467,40.213733,0.837201
STILL,aom,av2,0,F1,animals_09.y4m,4032x3024,25,8,185,0, KEY ,1,187,18390,34.421818,42.281555,43.691540,15.696708,11.182954,47.403523,45.624134,30.199966,37.522031,1.244580
STILL,aom,av2,0,F1,buildings_02.y4m,4032x3024,25,8,60,0, KEY ,1,62,2748543,48.815980,52.762106,53.532242,41.565340,29.433947,97.234217,96.614046,50.158478,50.032852,1.061949
STILL,aom,av2,0,F1,buildings_02.y4m,4032x3024,25,8,85,0, KEY ,1,87,1436733,43.702800,50.594736,51.308560,35.336384,24.492304,96.846470,95.887411,46.447208,46.054811,7.524102
STILL,aom,av2,0,F1,buildings_02.y4m,4032x3024,25,8,110,0, KEY ,1,112,746193,39.816981,48.393808,49.231065,31.729887,22.146357,95.397205,93.969753,43.570847,43.196570,11.303918
STILL,aom,av2,0,F1,buildings_02.y4m,4032x3024,25,8,135,0, KEY ,1,137,371709,36.110518,46.265943,47.274216,29.182520,20.482042,91.444558,89.335549,40.148294,40.651002,10.967341
STILL,aom,av2,0,F1,buildings_02.y4m,4032x3024,25,8,160,0, KEY ,1,162,171299,32.246311,43.906133,44.968941,25.772000,18.179244,82.050167,79.147463,35.157576,37.873484,10.627515
STILL,aom,av2,0,F1,buildings_02.y4m,4032x3024,25,8,185,0, KEY ,1,187,72375,28.482049,41.365043,42.400050,21.434230,14.970333,66.035305,62.615360,29.328588,34.920156,9.090912
STILL,aom,av2,0,F1,buildings_03.y4m,4032x3024,25,8,60,0, KEY ,1,62,6058061,48.336861,50.753645,50.638975,49.346853,37.761406,97.059614,96.346901,55.111894,47.019519,0.002590
STILL,aom,av2,0,F1,buildings_03.y4m,4032x3024,25,8,85,0, KEY ,1,87,4218101,42.577886,47.918549,47.738227,43.685955,31.771157,96.381380,95.268674,50.793890,42.913636,0.004168
STILL,aom,av2,0,F1,buildings_03.y4m,4032x3024,25,8,110,0, KEY ,1,112,2610284,36.792669,45.463309,45.094325,37.620225,25.866588,94.367371,92.759354,44.990704,38.719292,0.004916
STILL,aom,av2,0,F1,buildings_03.y4m,4032x3024,25,8,135,0, KEY ,1,137,1354157,31.592465,43.056484,42.540174,31.548669,20.594677,88.959001,86.747026,37.833658,34.640021,0.010685
STILL,aom,av2,0,F1,buildings_03.y4m,4032x3024,25,8,160,0, KEY ,1,162,622412,27.225537,40.612238,39.984384,25.322872,15.812858,74.390810,72.021424,30.136696,30.897779,0.030993
STILL,aom,av2,0,F1,buildings_03.y4m,4032x3024,25,8,185,0, KEY ,1,187,259753,23.489306,38.410832,37.707802,19.322689,11.517986,49.530585,47.610148,23.415887,27.415521,0.064958
STILL,aom,av2,0,F1,church.y4m,6000x4000,25,8,60,0, KEY ,1,62,1775412,51.306803,52.099486,52.148291,44.696076,28.914824,96.389725,95.495208,49.236775,51.801453,0.557400
STILL,aom,av2,0,F1,church.y4m,6000x4000,25,8,85,0, KEY ,1,87,705419,47.877315,49.753591,49.923995,38.645053,24.924870,94.562476,93.357890,45.801788,48.584015,1.561332
STILL,aom,av2,0,F1,church.y4m,6000x4000,25,8,110,0, KEY ,1,112,324681,45.212399,47.422661,47.934697,33.332940,21.937617,90.957699,89.156417,42.634081,46.170807,2.089243
STILL,aom,av2,0,F1,church.y4m,6000x4000,25,8,135,0, KEY ,1,137,150699,42.196773,44.870342,45.730180,27.877149,18.706954,81.815908,79.796467,38.855649,43.630327,2.486461
STILL,aom,av2,0,F1,church.y4m,6000x4000,25,8,160,0, KEY ,1,162,66776,38.933819,42.047185,43.310629,22.436718,15.369570,65.614930,63.269462,34.930844,40.872710,3.255402
STILL,aom,av2,0,F1,church.y4m,6000x4000,25,8,185,0, KEY ,1,187,27420,35.678933,38.939379,40.689339,17.467194,12.247041,43.282634,41.101336,31.283593,37.989263,3.945303
STILL,aom,av2,0,F1,fireworks_01.y4m,4032x3024,25,8,60,0, KEY ,1,62,4128893,48.949976,54.875912,53.268130,42.114612,30.210377,96.446729,95.769478,53.259297,52.049338,0.000009
STILL,aom,av2,0,F1,fireworks_01.y4m,4032x3024,25,8,85,0, KEY ,1,87,2483523,42.902043,52.804131,51.689170,36.308802,24.076950,95.013530,94.042936,48.304357,47.566751,0.000101
STILL,aom,av2,0,F1,fireworks_01.y4m,4032x3024,25,8,110,0, KEY ,1,112,987737,36.988607,50.353730,49.836096,29.900761,17.487815,91.554336,90.132727,40.964952,42.780855,0.000931
STILL,aom,av2,0,F1,fireworks_01.y4m,4032x3024,25,8,135,0, KEY ,1,137,193139,32.941189,47.652401,47.473481,23.194098,11.273293,82.620104,81.060855,33.652632,39.006232,0.444676
STILL,aom,av2,0,F1,fireworks_01.y4m,4032x3024,25,8,160,0, KEY ,1,162,43312,31.462047,44.759186,44.657084,16.814355,8.587411,66.716576,65.261390,30.262755,37.420336,12.360252
STILL,aom,av2,0,F1,fireworks_01.y4m,4032x3024,25,8,185,0, KEY ,1,187,19285,30.621146,41.771336,41.222937,14.618066,8.037858,52.702561,51.479360,28.678383,36.225331,14.551552
STILL,aom,av2,0,F1,flowerfield.y4m,3696x2448,25,8,60,0, KEY ,1,62,1203181,51.262214,51.128714,51.545625,48.198862,32.041519,96.806891,96.017886,52.589722,53.151134,0.003108
STILL,aom,av2,0,F1,flowerfield.y4m,3696x2448,25,8,85,0, KEY ,1,87,634337,47.370744,46.886233,47.510564,42.208287,27.533605,95.677173,94.564882,47.686188,48.689914,0.005116
STILL,aom,av2,0,F1,flowerfield.y4m,3696x2448,25,8,110,0, KEY ,1,112,328206,43.759298,43.078471,43.987958,36.326542,23.815503,92.822608,91.229503,42.519275,45.164391,0.005344
STILL,aom,av2,0,F1,flowerfield.y4m,3696x2448,25,8,135,0, KEY ,1,137,170418,40.160905,39.510542,40.553194,30.239515,20.097325,85.659211,83.638992,37.243861,41.721287,0.008319
STILL,aom,av2,0,F1,flowerfield.y4m,3696x2448,25,8,160,0, KEY ,1,162,86656,36.321499,35.967264,37.114426,24.326225,16.372679,69.937918,67.872094,32.271394,38.079540,0.007471
STILL,aom,av2,0,F1,flowerfield.y4m,3696x2448,25,8,185,0, KEY ,1,187,42791,32.524894,32.747231,33.587718,18.977229,12.930232,46.851410,44.956198,27.842179,34.522106,0.018117
STILL,aom,av2,0,F1,flowers_08.y4m,4032x3024,25,8,60,0, KEY ,1,62,5106265,48.508559,49.693593,51.063807,50.428763,33.343516,97.067258,96.433518,53.918062,48.584665,0.008901
STILL,aom,av2,0,F1,flowers_08.y4m,4032x3024,25,8,85,0, KEY ,1,87,3206606,42.703584,45.530647,47.744011,44.531324,27.368468,96.333500,95.378321,48.948322,43.800929,0.015288
STILL,aom,av2,0,F1,flowers_08.y4m,4032x3024,25,8,110,0, KEY ,1,112,1771240,37.553311,41.915073,44.445553,38.292188,22.384397,94.421090,92.955709,42.736936,39.570424,0.027610
STILL,aom,av2,0,F1,flowers_08.y4m,4032x3024,25,8,135,0, KEY ,1,137,903618,33.146000,38.825110,41.450796,32.196252,18.432516,88.938474,86.739698,36.419576,35.904674,0.053233
STILL,aom,av2,0,F1,flowers_08.y4m,4032x3024,25,8,160,0, KEY ,1,162,424418,29.132247,35.687760,38.495379,26.161297,14.411299,74.368449,72.043408,30.075292,32.425069,0.082568
STILL,aom,av2,0,F1,flowers_08.y4m,4032x3024,25,8,185,0, KEY ,1,187,191161,25.531889,32.462887,35.545507,20.140991,10.600695,51.291821,49.399865,24.256304,29.102692,0.175533
STILL,aom,av2,0,F1,flowers_12.y4m,4032x3024,25,8,60,0, KEY ,1,62,3950318,48.520765,51.765856,53.056955,51.491729,33.756815,97.091320,96.553641,54.096016,48.978862,0.000132
STILL,aom,av2,0,F1,flowers_12.y4m,4032x3024,25,8,85,0, KEY ,1,87,2290021,42.916686,49.174809,50.728992,45.535471,27.898841,96.349375,95.579242,49.205159,44.465853,0.000201
STILL,aom,av2,0,F1,flowers_12.y4m,4032x3024,25,8,110,0, KEY ,1,112,1123748,38.065751,46.492340,48.127259,39.580179,22.844737,94.863542,93.532258,42.751964,40.419538,0.001214
STILL,aom,av2,0,F1,flowers_12.y4m,4032x3024,25,8,135,0, KEY ,1,137,519902,34.252333,43.660035,45.490249,33.441921,18.847665,89.479478,87.842528,36.228730,37.065016,0.016519
STILL,aom,av2,0,F1,flowers_12.y4m,4032x3024,25,8,160,0, KEY ,1,162,255336,30.995813,40.839661,42.756345,27.299255,15.203236,77.448416,75.337145,30.319313,34.024382,0.035866
STILL,aom,av2,0,F1,flowers_12.y4m,4032x3024,25,8,185,0, KEY ,1,187,124191,27.609413,38.183548,39.899214,21.186378,11.518736,57.762780,55.747271,25.090563,30.882667,0.040113
STILL,aom,av2,0,F1,food_02.y4m,4032x3024,25,8,60,0, KEY ,1,62,2944422,48.576082,53.176025,54.251979,45.619621,29.961023,97.029654,96.315312,52.340763,50.720534,0.000509
STILL,aom,av2,0,F1,food_02.y4m,4032x3024,25,8,85,0, KEY ,1,87,1419523,43.275572,50.644050,52.140155,39.380389,23.903479,96.245107,95.252303,47.077501,46.030834,0.002943
STILL,aom,av2,0,F1,food_02.y4m,4032x3024,25,8,110,0, KEY ,1,112,591144,39.115386,47.996189,49.923404,32.896159,18.583730,93.982842,92.631376,40.587915,42.289895,0.035363
STILL,aom,av2,0,F1,food_02.y4m,4032x3024,25,8,135,0, KEY ,1,137,229744,35.950365,45.221789,47.512357,27.699512,15.245109,87.418528,85.571354,35.530754,39.405020,0.111915
STILL,aom,av2,0,F1,food_02.y4m,4032x3024,25,8,160,0, KEY ,1,162,97496,33.320020,42.180781,44.775101,22.424849,12.718992,73.446068,71.342853,31.480002,36.944695,0.364623
STILL,aom,av2,0,F1,food_02.y4m,4032x3024,25,8,185,0, KEY ,1,187,41138,30.536554,38.985032,41.640165,17.206189,10.091092,54.861068,52.706152,27.564449,34.269401,1.168251
STILL,aom,av2,0,F1,fountain.y4m,6406x4270,25,8,60,0, KEY ,1,62,6983277,48.960172,52.035273,52.625381,49.066566,30.243641,96.645122,95.714327,52.113939,51.453252,0.000066
STILL,aom,av2,0,F1,fountain.y4m,6406x4270,25,8,85,0, KEY ,1,87,3751844,43.485120,49.350052,50.119995,43.337403,24.452249,95.497773,94.190775,47.380159,46.559348,0.000505
STILL,aom,av2,0,F1,fountain.y4m,6406x4270,25,8,110,0, KEY ,1,112,1391328,38.456818,46.597305,47.462758,37.326583,18.722224,92.373972,90.668027,41.200513,41.982671,0.001376
STILL,aom,av2,0,F1,fountain.y4m,6406x4270,25,8,135,0, KEY ,1,137,419578,35.303355,43.671444,44.540064,31.357692,15.220211,84.909644,82.766069,36.182178,38.928655,0.477119
STILL,aom,av2,0,F1,fountain.y4m,6406x4270,25,8,160,0, KEY ,1,162,186141,33.390366,40.452597,41.311386,25.949434,13.275846,69.933787,67.578495,32.212056,36.908204,0.600469
STILL,aom,av2,0,F1,fountain.y4m,6406x4270,25,8,185,0, KEY ,1,187,81555,30.956587,37.030224,37.948278,20.735892,10.883061,47.762440,45.615159,28.114424,34.460673,0.486746
STILL,aom,av2,0,F1,lady.y4m,4480x6720,25,8,60,0, KEY ,1,62,5252988,48.932221,55.897968,55.538655,45.715074,27.912101,96.330577,95.520340,50.064826,50.409606,0.157756
STILL,aom,av2,0,F1,lady.y4m,4480x6720,25,8,85,0, KEY ,1,87,1869612,43.486044,54.015750,53.491809,39.072834,21.773424,95.249051,94.099183,45.166446,45.431408,0.942071
STILL,aom,av2,0,F1,lady.y4m,4480x6720,25,8,110,0, KEY ,1,112,363993,40.489592,51.979412,51.334677,33.118604,17.995913,92.316840,90.778932,41.130831,42.572555,5.773593
STILL,aom,av2,0,F1,lady.y4m,4480x6720,25,8,135,0, KEY ,1,137,145684,39.146690,49.883050,49.204191,28.737551,16.360599,84.445177,82.679605,38.439309,41.297777,5.836084
STILL,aom,av2,0,F1,lady.y4m,4480x6720,25,8,160,0, KEY ,1,162,58465,37.472237,47.333182,46.684474,23.851979,14.462695,68.797234,67.149493,35.476977,39.855648,5.828514
STILL,aom,av2,0,F1,lady.y4m,4480x6720,25,8,185,0, KEY ,1,187,22699,35.506599,44.505896,43.934726,18.719105,12.422031,46.912964,45.612292,32.546416,38.031097,5.951638
STILL,aom,av2,0,F1,landscape_05.y4m,4032x3024,25,8,60,0, KEY ,1,62,4185222,48.720869,50.914356,51.844101,48.233194,32.137609,96.910999,96.263927,53.439196,49.634922,0.000002
STILL,aom,av2,0,F1,landscape_05.y4m,4032x3024,25,8,85,0, KEY ,1,87,2527045,43.115652,47.599357,48.867170,42.299630,26.267822,96.108588,95.124992,48.441559,44.773572,0.000062
STILL,aom,av2,0,F1,landscape_05.y4m,4032x3024,25,8,110,0, KEY ,1,112,1259104,37.926717,44.408430,45.802097,36.305484,20.601454,93.729790,92.379496,41.921472,40.292677,0.012893
STILL,aom,av2,0,F1,landscape_05.y4m,4032x3024,25,8,135,0, KEY ,1,137,593108,34.092970,41.313431,42.768815,30.489762,16.866232,87.068967,85.297283,35.882157,36.879633,0.050436
STILL,aom,av2,0,F1,landscape_05.y4m,4032x3024,25,8,160,0, KEY ,1,162,282229,30.669411,38.318759,39.895778,24.428999,13.530975,71.646508,69.768385,30.295213,33.862164,0.128980
STILL,aom,av2,0,F1,landscape_05.y4m,4032x3024,25,8,185,0, KEY ,1,187,126506,27.145861,35.401345,36.985200,18.712018,10.212918,48.919247,47.265242,25.031183,30.772072,0.348677
STILL,aom,av2,0,F1,landscape_15.y4m,4032x3024,25,8,60,0, KEY ,1,62,2751473,49.379513,53.339452,53.912373,44.071545,30.337335,96.962512,96.207912,51.135103,50.456649,1.002709
STILL,aom,av2,0,F1,landscape_15.y4m,4032x3024,25,8,85,0, KEY ,1,87,1616749,44.314317,51.139329,51.711189,38.044340,25.367243,96.193822,95.111970,47.136820,46.366210,3.001235
STILL,aom,av2,0,F1,landscape_15.y4m,4032x3024,25,8,110,0, KEY ,1,112,824479,39.579683,48.891936,49.622477,33.786303,21.114530,94.094209,92.527032,42.471265,42.741353,3.412781
STILL,aom,av2,0,F1,landscape_15.y4m,4032x3024,25,8,135,0, KEY ,1,137,380735,35.574165,46.561697,47.580744,29.020872,17.530810,87.886678,85.906326,37.224669,39.532738,3.412723
STILL,aom,av2,0,F1,landscape_15.y4m,4032x3024,25,8,160,0, KEY ,1,162,172483,32.092940,44.063094,45.345258,24.025649,14.262570,73.639346,71.463971,31.842165,36.581814,3.561878
STILL,aom,av2,0,F1,landscape_15.y4m,4032x3024,25,8,185,0, KEY ,1,187,72705,28.711265,41.421742,42.491808,19.031981,11.193838,51.847082,49.914218,26.748953,33.617153,3.495425
STILL,aom,av2,0,F1,landscape_16.y4m,4032x3024,25,8,60,0, KEY ,1,62,1517967,50.523239,56.814156,57.721492,42.511303,29.692485,96.910667,96.006268,51.353975,52.795509,0.000004
STILL,aom,av2,0,F1,landscape_16.y4m,4032x3024,25,8,85,0, KEY ,1,87,862367,46.434007,54.671374,55.473222,36.729041,24.821466,96.201580,94.857327,46.826930,48.658683,0.000034
STILL,aom,av2,0,F1,landscape_16.y4m,4032x3024,25,8,110,0, KEY ,1,112,457349,42.211981,52.568290,53.407040,30.755008,20.124418,93.728444,91.916300,41.521532,45.021427,0.000361
STILL,aom,av2,0,F1,landscape_16.y4m,4032x3024,25,8,135,0, KEY ,1,137,224414,38.204030,50.390973,51.354298,25.461924,16.203910,86.687003,84.594408,36.478578,41.603763,0.029108
STILL,aom,av2,0,F1,landscape_16.y4m,4032x3024,25,8,160,0, KEY ,1,162,105514,34.523369,48.156204,49.199966,21.177102,13.113384,70.680850,68.582645,31.865417,38.358964,0.175137
STILL,aom,av2,0,F1,landscape_16.y4m,4032x3024,25,8,185,0, KEY ,1,187,45266,31.033443,45.304466,46.473811,16.407077,10.132624,48.347067,46.817719,27.529986,35.273634,0.852200
STILL,aom,av2,0,F1,landscape_18.y4m,4032x3024,25,8,60,0, KEY ,1,62,2502311,49.429203,54.221529,55.761823,40.585859,29.713190,96.923384,96.134010,50.143002,50.915919,1.185558
STILL,aom,av2,0,F1,landscape_18.y4m,4032x3024,25,8,85,0, KEY ,1,87,1462993,44.525377,52.209295,54.020274,35.532693,25.648129,95.952655,94.843967,47.294872,47.125506,1.303749
STILL,aom,av2,0,F1,landscape_18.y4m,4032x3024,25,8,110,0, KEY ,1,112,624583,39.332239,50.261829,52.213904,31.503424,20.942087,93.469648,91.924723,43.059263,43.294429,1.323752
STILL,aom,av2,0,F1,landscape_18.y4m,4032x3024,25,8,135,0, KEY ,1,137,240433,35.830719,48.496651,50.485646,27.419035,17.002456,86.268267,84.411925,37.647852,40.476753,1.333065
STILL,aom,av2,0,F1,landscape_18.y4m,4032x3024,25,8,160,0, KEY ,1,162,98623,33.075259,46.650949,48.378795,22.306052,13.866364,70.941499,68.570870,32.803372,38.107943,1.522889
STILL,aom,av2,0,F1,landscape_18.y4m,4032x3024,25,8,185,0, KEY ,1,187,37830,30.300614,44.112952,45.672395,17.314641,11.118543,48.801817,46.828365,28.544366,35.537151,1.768536
STILL,aom,av2,0,F1,landscape_25.y4m,4032x3024,25,8,60,0, KEY ,1,62,4897406,48.749970,49.009896,50.862036,42.442620,31.313428,96.510081,95.607826,53.063501,46.896374,0.006447
STILL,aom,av2,0,F1,landscape_25.y4m,4032x3024,25,8,85,0, KEY ,1,87,3050071,42.866297,45.706526,48.969964,36.540602,25.252445,94.878458,93.738917,48.427805,42.828599,0.005977
STILL,aom,av2,0,F1,landscape_25.y4m,4032x3024,25,8,110,0, KEY ,1,112,1492739,36.973867,44.228918,47.711358,30.592382,18.978240,91.684678,89.858084,41.739015,39.316758,0.029660
STILL,aom,av2,0,F1,landscape_25.y4m,4032x3024,25,8,135,0, KEY ,1,137,489757,32.204910,42.932669,46.406618,24.252139,12.898919,81.698547,79.638832,34.268661,35.911183,0.531614
STILL,aom,av2,0,F1,landscape_25.y4m,4032x3024,25,8,160,0, KEY ,1,162,94857,29.025928,41.573905,44.884931,18.312131,8.006014,62.762207,60.933360,28.225166,33.261755,4.409293
STILL,aom,av2,0,F1,landscape_25.y4m,4032x3024,25,8,185,0, KEY ,1,187,27318,27.772610,40.166841,42.780860,14.328160,6.459136,44.245104,42.906540,25.856438,31.977798,7.275012
STILL,aom,av2,0,F1,landscape_26.y4m,4032x3024,25,8,60,0, KEY ,1,62,2930138,49.044560,53.091781,53.241616,43.365404,29.831051,96.873020,95.959236,50.887975,50.021493,0.526154
STILL,aom,av2,0,F1,landscape_26.y4m,4032x3024,25,8,85,0, KEY ,1,87,1607272,43.712322,51.372263,51.596977,37.526952,24.667040,95.846965,94.572922,46.985359,45.941005,0.661000
STILL,aom,av2,0,F1,landscape_26.y4m,4032x3024,25,8,110,0, KEY ,1,112,696411,38.904943,49.645362,49.998293,32.491502,20.179187,93.069390,91.256221,42.192319,42.224144,0.675289
STILL,aom,av2,0,F1,landscape_26.y4m,4032x3024,25,8,135,0, KEY ,1,137,278005,35.510375,47.920775,48.197281,27.434923,16.701607,85.265979,82.886458,37.045446,39.467907,0.709921
STILL,aom,av2,0,F1,landscape_26.y4m,4032x3024,25,8,160,0, KEY ,1,162,116612,32.559894,45.799281,46.152058,22.102162,13.481647,68.317311,65.792253,32.097075,36.960764,0.731221
STILL,aom,av2,0,F1,landscape_26.y4m,4032x3024,25,8,185,0, KEY ,1,187,45673,29.532217,43.018377,43.678236,16.960795,10.307125,44.661895,42.601850,27.507597,34.246682,0.895010
STILL,aom,av2,0,F1,landscape_28.y4m,4032x3024,25,8,60,0, KEY ,1,62,3194025,48.854735,51.146313,52.872080,39.730817,29.633265,97.050728,96.437190,51.148931,50.281249,0.416370
STILL,aom,av2,0,F1,landscape_28.y4m,4032x3024,25,8,85,0, KEY ,1,87,1752392,43.587866,48.206161,50.095292,34.138156,24.055027,96.299514,95.415359,46.821542,46.409546,1.882866
STILL,aom,av2,0,F1,landscape_28.y4m,4032x3024,25,8,110,0, KEY ,1,112,855631,39.078797,45.526505,47.439917,30.036710,19.117701,94.410045,93.107663,41.233347,42.949579,5.608064
STILL,aom,av2,0,F1,landscape_28.y4m,4032x3024,25,8,135,0, KEY ,1,137,389457,35.305309,42.966999,44.975197,27.020801,16.490253,89.614099,87.443610,36.832338,39.914116,10.052924
STILL,aom,av2,0,F1,landscape_28.y4m,4032x3024,25,8,160,0, KEY ,1,162,174418,31.968420,40.635300,42.596798,23.305479,14.349198,76.372613,73.994066,32.071621,37.155239,10.149203
STILL,aom,av2,0,F1,landscape_28.y4m,4032x3024,25,8,185,0, KEY ,1,187,75797,28.739151,38.483346,40.167726,18.415169,11.769529,55.025030,52.949819,27.082828,34.303390,7.855032
STILL,aom,av2,0,F1,lodge.y4m,6000x4000,25,8,60,0, KEY ,1,62,6492622,48.770749,51.224450,51.578427,45.231519,29.980076,96.498343,95.503844,51.373646,49.597791,0.000014
STILL,aom,av2,0,F1,lodge.y4m,6000x4000,25,8,85,0, KEY ,1,87,3546153,43.671392,47.747958,48.441301,39.461949,24.540587,95.237375,93.782200,46.973441,44.955282,0.015777
STILL,aom,av2,0,F1,lodge.y4m,6000x4000,25,8,110,0, KEY ,1,112,1637907,39.168370,44.430737,45.516076,34.125421,19.721212,91.518268,89.740638,41.675478,40.988263,0.418951
STILL,aom,av2,0,F1,lodge.y4m,6000x4000,25,8,135,0, KEY ,1,137,776925,35.582275,41.295985,42.856731,28.678149,16.413949,82.434713,80.438441,36.428286,37.892675,0.800843
STILL,aom,av2,0,F1,lodge.y4m,6000x4000,25,8,160,0, KEY ,1,162,328218,31.850394,38.443829,40.581812,23.098586,12.888771,62.227473,60.434927,30.760596,34.788506,1.123727
STILL,aom,av2,0,F1,lodge.y4m,6000x4000,25,8,185,0, KEY ,1,187,110859,28.370421,36.097703,38.670028,17.659220,9.464891,32.826045,31.650166,25.679045,31.831500,1.451943
STILL,aom,av2,0,F1,party.y4m,6720x4480,25,8,60,0, KEY ,1,62,4784292,48.813237,56.887302,57.161293,45.162990,27.562436,96.773310,96.122356,49.766056,50.750867,0.000024
STILL,aom,av2,0,F1,party.y4m,6720x4480,25,8,85,0, KEY ,1,87,1291506,43.317044,55.261509,55.550714,38.137740,21.123777,96.469391,95.508618,44.562045,45.435686,0.933529
STILL,aom,av2,0,F1,party.y4m,6720x4480,25,8,110,0, KEY ,1,112,203988,41.045490,53.313290,53.680655,31.937965,17.841171,95.031295,93.658249,40.926544,43.160679,7.317803
STILL,aom,av2,0,F1,party.y4m,6720x4480,25,8,135,0, KEY ,1,137,80253,40.205423,50.984824,51.342935,27.068777,16.793840,91.055660,89.224729,39.378610,42.267201,9.717548
STILL,aom,av2,0,F1,party.y4m,6720x4480,25,8,160,0, KEY ,1,162,37929,39.120883,47.953630,48.479212,23.082870,15.942039,83.243454,80.963553,37.582167,41.193496,10.477189
STILL,aom,av2,0,F1,party.y4m,6720x4480,25,8,185,0, KEY ,1,187,17919,37.407038,44.406592,45.193662,19.738829,14.881802,69.376102,66.969991,34.945493,39.529956,9.344901
STILL,aom,av2,0,F1,river.y4m,5184x3456,25,8,60,0, KEY ,1,62,2392919,48.818501,52.943561,53.776249,46.403887,28.271036,95.816570,94.789055,50.025902,48.420657,0.000173
STILL,aom,av2,0,F1,river.y4m,5184x3456,25,8,85,0, KEY ,1,87,608754,44.212920,50.375501,51.728416,39.968332,22.357817,94.007126,92.468471,44.989357,44.554800,0.189354
STILL,aom,av2,0,F1,river.y4m,5184x3456,25,8,110,0, KEY ,1,112,260558,42.738824,47.625680,49.858951,34.068241,20.156239,90.414010,88.378399,41.813617,42.871795,0.500153
STILL,aom,av2,0,F1,river.y4m,5184x3456,25,8,135,0, KEY ,1,137,127821,40.856068,44.699392,47.926181,28.303032,17.923745,81.949907,79.501616,38.350472,41.011379,0.715704
STILL,aom,av2,0,F1,river.y4m,5184x3456,25,8,160,0, KEY ,1,162,60737,38.190994,41.791629,45.962637,23.073194,15.329535,65.520941,63.085266,34.550759,38.735413,1.009348
STILL,aom,av2,0,F1,river.y4m,5184x3456,25,8,185,0, KEY ,1,187,27180,35.036014,39.236753,44.108661,18.291908,12.475533,41.011324,39.391622,30.840527,36.201289,1.322778
STILL,aom,av2,0,F1,santa.y4m,5616x3744,25,8,60,0, KEY ,1,62,2460916,48.925618,54.016002,53.449116,45.371909,27.865369,96.333688,95.435711,49.528124,51.215120,0.408608
STILL,aom,av2,0,F1,santa.y4m,5616x3744,25,8,85,0, KEY ,1,87,588302,44.498321,51.885800,51.288248,38.635589,22.329246,94.777191,93.545128,44.889213,47.063016,2.612732
STILL,aom,av2,0,F1,santa.y4m,5616x3744,25,8,110,0, KEY ,1,112,235834,43.053011,49.743214,48.859880,34.092086,20.507922,91.056712,89.398418,42.389369,45.392549,3.061638
STILL,aom,av2,0,F1,santa.y4m,5616x3744,25,8,135,0, KEY ,1,137,111780,41.357951,47.382907,46.055416,29.179090,18.523601,82.910093,80.896132,39.397434,43.596439,3.081232
STILL,aom,av2,0,F1,santa.y4m,5616x3744,25,8,160,0, KEY ,1,162,52247,39.053231,44.443795,42.802052,24.070289,16.115820,67.075022,64.857136,35.937740,41.194898,3.290156
STILL,aom,av2,0,F1,santa.y4m,5616x3744,25,8,185,0, KEY ,1,187,24216,36.391078,41.309811,39.389419,19.123775,13.643635,43.568158,41.463739,32.503983,38.374288,3.333805
STILL,aom,av2,0,F1,seafood.y4m,5184x3456,25,8,60,0, KEY ,1,62,4339373,48.741510,52.494195,52.708712,47.901510,29.834963,96.600861,95.750907,51.653354,49.067786,0.000000
STILL,aom,av2,0,F1,seafood.y4m,5184x3456,25,8,85,0, KEY ,1,87,1998789,43.133933,49.597873,50.004610,41.506352,23.591357,95.482046,94.186153,46.488249,44.461393,0.177079
STILL,aom,av2,0,F1,seafood.y4m,5184x3456,25,8,110,0, KEY ,1,112,682495,39.198003,46.718182,47.404670,35.212566,18.938123,92.167733,90.458833,41.009295,41.055338,1.174754
STILL,aom,av2,0,F1,seafood.y4m,5184x3456,25,8,135,0, KEY ,1,137,312625,36.787109,43.860612,44.720286,29.997986,16.743466,84.619978,82.519455,36.820330,38.832267,1.329262
STILL,aom,av2,0,F1,seafood.y4m,5184x3456,25,8,160,0, KEY ,1,162,139067,33.956465,40.959883,41.862799,24.760126,14.028067,68.961626,66.583708,32.058218,36.335882,1.545951
STILL,aom,av2,0,F1,seafood.y4m,5184x3456,25,8,185,0, KEY ,1,187,56886,30.907137,38.030083,38.939014,19.543905,11.032752,44.380787,42.255141,27.615533,33.529532,1.522242
STILL,aom,av2,0,F1,snow_00.y4m,4032x3024,25,8,60,0, KEY ,1,62,3560074,48.686487,53.421078,54.048032,43.896638,29.317556,96.832070,96.044637,51.928943,50.487560,0.000000
STILL,aom,av2,0,F1,snow_00.y4m,4032x3024,25,8,85,0, KEY ,1,87,1955133,42.932608,50.823209,51.613288,37.744708,23.216864,96.060215,94.953533,46.741773,45.803100,0.000015
STILL,aom,av2,0,F1,snow_00.y4m,4032x3024,25,8,110,0, KEY ,1,112,667519,37.512025,48.677752,49.656225,31.280184,16.734689,94.083604,92.559083,39.991683,41.461458,0.000226
STILL,aom,av2,0,F1,snow_00.y4m,4032x3024,25,8,135,0, KEY ,1,137,205503,34.788848,46.813094,48.153143,26.566356,13.904966,87.247896,85.403903,35.946575,39.150159,0.037622
STILL,aom,av2,0,F1,snow_00.y4m,4032x3024,25,8,160,0, KEY ,1,162,92863,32.911119,44.811810,46.433769,22.045327,12.467409,73.047434,71.158485,32.552591,37.489636,0.050798
STILL,aom,av2,0,F1,snow_00.y4m,4032x3024,25,8,185,0, KEY ,1,187,41603,30.561250,42.809734,44.209971,17.463886,10.726885,52.380386,50.811035,28.634747,35.575576,0.051579
STILL,aom,av2,0,F1,trees.y4m,4928x3264,25,8,60,0, KEY ,1,62,3226702,49.075469,52.323469,52.305995,46.856438,31.341993,96.804176,95.999403,52.595436,47.951632,0.000149
STILL,aom,av2,0,F1,trees.y4m,4928x3264,25,8,85,0, KEY ,1,87,1725894,44.674937,49.357530,49.326143,41.250393,26.338494,95.745094,94.543957,47.880214,44.254780,0.001022
STILL,aom,av2,0,F1,trees.y4m,4928x3264,25,8,110,0, KEY ,1,112,898080,40.790616,46.258236,46.438883,35.297639,21.592449,92.999280,91.281384,42.065685,41.002913,0.003983
STILL,aom,av2,0,F1,trees.y4m,4928x3264,25,8,135,0, KEY ,1,137,456732,36.970099,43.169875,43.973171,29.044697,17.002623,85.618974,83.461358,36.083043,37.795605,0.019006
STILL,aom,av2,0,F1,trees.y4m,4928x3264,25,8,160,0, KEY ,1,162,215891,33.031609,40.431780,41.947167,22.600691,12.745029,68.781904,66.579382,30.575732,34.582667,0.110108
STILL,aom,av2,0,F1,trees.y4m,4928x3264,25,8,185,0, KEY ,1,187,91711,29.287189,38.005129,39.996531,16.685924,9.260770,45.291197,43.668064,25.878056,31.524623,0.465605
STILL,aom,av2,0,F1,underwater_01.y4m,4032x3024,25,8,60,0, KEY ,1,62,3373116,48.645399,50.629452,51.388715,48.147868,31.220335,96.548203,95.656808,53.201003,48.784288,0.000952
STILL,aom,av2,0,F1,underwater_01.y4m,4032x3024,25,8,85,0, KEY ,1,87,1665380,42.924312,47.923589,48.878318,42.076866,25.200903,94.936966,93.776733,47.767539,44.353941,0.014225
STILL,aom,av2,0,F1,underwater_01.y4m,4032x3024,25,8,110,0, KEY ,1,112,634729,38.593762,45.024863,46.237547,35.963310,20.259712,91.063453,89.507633,41.221872,40.687488,0.022314
STILL,aom,av2,0,F1,underwater_01.y4m,4032x3024,25,8,135,0, KEY ,1,137,274806,35.923494,41.844306,43.500176,29.879056,16.963185,81.963190,79.932126,35.769109,38.091100,0.042700
STILL,aom,av2,0,F1,underwater_01.y4m,4032x3024,25,8,160,0, KEY ,1,162,130484,33.328519,38.398941,40.691670,23.632333,13.668126,62.832394,60.851783,30.917661,35.449799,0.073582
STILL,aom,av2,0,F1,underwater_01.y4m,4032x3024,25,8,185,0, KEY ,1,187,57392,30.226481,35.129810,37.910398,17.700656,10.172370,35.127988,33.915827,26.470955,32.502016,0.239898
STILL,aom,av2,0,F2,Adventure_with_the_Windmills.y4m,896x1110,24,8,60,0, KEY ,1,62,556422,48.413169,52.290529,53.739573,39.455094,36.537716,97.015126,96.132045,54.231895,47.866348,0.003437
STILL,aom,av2,0,F2,Adventure_with_the_Windmills.y4m,896x1110,24,8,85,0, KEY ,1,87,424622,42.797599,51.841944,53.249729,33.454519,30.963205,96.096698,94.841482,51.929532,44.367249,0.001892
STILL,aom,av2,0,F2,Adventure_with_the_Windmills.y4m,896x1110,24,8,110,0, KEY ,1,112,300965,36.913730,51.299988,52.690173,27.295226,24.934946,93.560757,92.014434,46.728962,39.889373,0.006881
STILL,aom,av2,0,F2,Adventure_with_the_Windmills.y4m,896x1110,24,8,135,0, KEY ,1,137,188377,31.154652,50.615504,51.837759,21.006920,18.858405,87.197687,85.191140,38.348940,34.903033,0.001104
STILL,aom,av2,0,F2,Adventure_with_the_Windmills.y4m,896x1110,24,8,160,0, KEY ,1,162,93385,25.488001,48.263749,50.094394,14.979870,13.276372,70.528096,68.384159,29.971147,29.565425,0.003357
STILL,aom,av2,0,F2,Adventure_with_the_Windmills.y4m,896x1110,24,8,185,0, KEY ,1,187,26408,20.477808,48.201949,49.888285,9.868322,8.289242,40.265140,38.813368,22.886103,24.602263,0.001300
STILL,aom,av2,0,F2,Agapanthus_Postbloom2.y4m,1208x948,24,8,60,0, KEY ,1,62,129369,49.264629,50.244299,50.045211,33.925944,29.746299,96.919518,96.227801,50.009107,48.169584,2.978378
STILL,aom,av2,0,F2,Agapanthus_Postbloom2.y4m,1208x948,24,8,85,0, KEY ,1,87,70762,46.673585,47.604001,48.401837,30.492951,27.522164,95.993538,94.897264,47.506604,45.786370,3.518969
STILL,aom,av2,0,F2,Agapanthus_Postbloom2.y4m,1208x948,24,8,110,0, KEY ,1,112,39813,43.589934,44.340003,46.512473,26.980189,25.002927,93.607702,92.045226,43.981674,43.167257,3.357601
STILL,aom,av2,0,F2,Agapanthus_Postbloom2.y4m,1208x948,24,8,135,0, KEY ,1,137,22020,39.880254,40.844164,44.455114,22.964214,21.804573,87.559483,85.502855,39.222753,40.116166,3.038815
STILL,aom,av2,0,F2,Agapanthus_Postbloom2.y4m,1208x948,24,8,160,0, KEY ,1,162,11659,35.749846,37.303243,41.923301,18.412420,17.899939,73.799332,71.148576,33.742648,36.657677,2.510306
STILL,aom,av2,0,F2,Agapanthus_Postbloom2.y4m,1208x948,24,8,185,0, KEY ,1,187,5853,31.658640,33.768543,39.793533,14.099451,14.023689,51.861324,49.338837,28.541109,33.021523,1.794350
STILL,aom,av2,0,F2,Baruch.y4m,968x1188,24,8,60,0, KEY ,1,62,604656,48.332663,52.421377,53.872227,37.220197,36.696710,96.951671,95.809832,53.707130,47.406262,0.000040
STILL,aom,av2,0,F2,Baruch.y4m,968x1188,24,8,85,0, KEY ,1,87,460695,42.884760,52.072991,53.442237,31.583940,31.715121,95.796847,94.279187,51.998567,44.162185,0.000351
STILL,aom,av2,0,F2,Baruch.y4m,968x1188,24,8,110,0, KEY ,1,112,324619,37.074313,51.443287,52.770387,25.828593,26.021774,92.886618,90.877476,47.970783,39.873518,0.000077
STILL,aom,av2,0,F2,Baruch.y4m,968x1188,24,8,135,0, KEY ,1,137,201643,31.354992,50.957889,51.852100,19.752916,19.998824,85.119031,82.619843,39.681363,35.104659,0.000046
STILL,aom,av2,0,F2,Baruch.y4m,968x1188,24,8,160,0, KEY ,1,162,98624,25.684473,48.495066,50.538020,13.730116,13.960952,67.138692,64.481763,30.734290,29.847024,0.000011
STILL,aom,av2,0,F2,Baruch.y4m,968x1188,24,8,185,0, KEY ,1,187,29149,20.843020,50.269824,48.143496,8.190765,8.461978,40.023047,38.299659,23.294355,25.182348,0.000035
STILL,aom,av2,0,F2,Berlin-Fernsehturm.y4m,1290x856,24,8,60,0, KEY ,1,62,101127,49.750355,51.123488,50.673309,28.934344,28.137285,96.831353,95.938760,48.470568,46.440456,2.208043
STILL,aom,av2,0,F2,Berlin-Fernsehturm.y4m,1290x856,24,8,85,0, KEY ,1,87,49756,46.785684,49.641651,48.739233,24.726945,24.733016,95.469596,94.372099,45.815769,44.648984,7.473550
STILL,aom,av2,0,F2,Berlin-Fernsehturm.y4m,1290x856,24,8,110,0, KEY ,1,112,24320,43.525597,47.940299,46.617438,21.307067,21.634977,92.301441,90.789229,42.709536,42.907242,8.656179
STILL,aom,av2,0,F2,Berlin-Fernsehturm.y4m,1290x856,24,8,135,0, KEY ,1,137,11317,40.076743,45.721230,44.276287,18.184489,18.629102,85.033615,82.949970,38.984158,40.944132,8.870344
STILL,aom,av2,0,F2,Berlin-Fernsehturm.y4m,1290x856,24,8,160,0, KEY ,1,162,4870,36.628031,43.209581,41.698430,15.017801,15.571382,70.107100,68.007562,34.894506,38.606942,8.641331
STILL,aom,av2,0,F2,Berlin-Fernsehturm.y4m,1290x856,24,8,185,0, KEY ,1,187,1871,33.433597,40.926128,39.463181,11.972887,12.585324,47.102180,45.140939,30.830966,36.311704,8.859467
STILL,aom,av2,0,F2,Big_Easy_chair.y4m,1196x1008,24,8,60,0, KEY ,1,62,99606,48.707698,48.293546,48.736871,31.686540,27.528898,96.856489,96.043227,48.410315,47.023828,0.030440
STILL,aom,av2,0,F2,Big_Easy_chair.y4m,1196x1008,24,8,85,0, KEY ,1,87,22819,46.086401,46.332882,47.452538,25.920501,23.379261,96.066581,94.875625,44.701613,44.858710,2.432164
STILL,aom,av2,0,F2,Big_Easy_chair.y4m,1196x1008,24,8,110,0, KEY ,1,112,9342,44.661825,45.595835,46.747693,22.472158,21.251490,93.883517,92.214766,42.436629,43.863721,4.753537
STILL,aom,av2,0,F2,Big_Easy_chair.y4m,1196x1008,24,8,135,0, KEY ,1,137,4669,43.037032,44.469658,45.584829,20.150307,19.597028,88.475746,86.468643,40.262835,42.666026,5.026124
STILL,aom,av2,0,F2,Big_Easy_chair.y4m,1196x1008,24,8,160,0, KEY ,1,162,2506,40.709734,42.880468,43.817910,17.587767,17.601820,80.030024,76.664812,37.394574,41.014632,5.026789
STILL,aom,av2,0,F2,Big_Easy_chair.y4m,1196x1008,24,8,185,0, KEY ,1,187,1376,37.761463,40.397241,41.736683,14.968404,15.322612,66.119471,62.357653,33.999141,38.625131,4.517153
STILL,aom,av2,0,F2,Butterfly.y4m,1420x918,24,8,60,0, KEY ,1,62,198327,48.670987,48.863878,50.325038,31.301090,27.573393,96.910048,96.128040,48.548581,45.599301,2.166515
STILL,aom,av2,0,F2,Butterfly.y4m,1420x918,24,8,85,0, KEY ,1,87,66665,44.346456,46.234323,48.198561,26.684657,23.303205,96.050804,94.922632,45.451476,42.962986,11.750619
STILL,aom,av2,0,F2,Butterfly.y4m,1420x918,24,8,110,0, KEY ,1,112,22285,41.850221,44.825163,46.502246,23.109696,20.379713,93.466810,91.941680,42.122550,41.510768,11.547980
STILL,aom,av2,0,F2,Butterfly.y4m,1420x918,24,8,135,0, KEY ,1,137,10077,40.052989,43.212546,44.499001,20.806846,18.963397,87.865676,85.693097,39.543108,40.274062,11.167763
STILL,aom,av2,0,F2,Butterfly.y4m,1420x918,24,8,160,0, KEY ,1,162,5033,37.861693,41.225896,42.468269,18.607189,17.422866,76.550596,74.189540,36.162729,38.844353,10.684436
STILL,aom,av2,0,F2,Butterfly.y4m,1420x918,24,8,185,0, KEY ,1,187,2690,35.152801,38.871008,39.842622,15.976030,15.437292,59.164338,56.545711,32.170952,36.900653,8.975217
STILL,aom,av2,0,F2,Cecret_Lake_Panorama.y4m,1586x752,24,8,60,0, KEY ,1,62,545209,48.930127,49.288947,49.122528,33.726671,32.509605,96.873982,95.918185,52.702588,46.617753,0.011807
STILL,aom,av2,0,F2,Cecret_Lake_Panorama.y4m,1586x752,24,8,85,0, KEY ,1,87,371834,43.600664,44.732878,45.192319,28.649982,27.856831,95.679929,94.433745,48.688740,42.058162,0.024867
STILL,aom,av2,0,F2,Cecret_Lake_Panorama.y4m,1586x752,24,8,110,0, KEY ,1,112,233815,37.921959,41.145957,42.386678,23.565517,23.098905,92.404061,90.959151,43.244047,37.917874,0.054699
STILL,aom,av2,0,F2,Cecret_Lake_Panorama.y4m,1586x752,24,8,135,0, KEY ,1,137,122238,32.065126,38.731852,40.374870,18.441921,18.090303,84.370055,82.510230,36.645804,33.789949,0.097653
STILL,aom,av2,0,F2,Cecret_Lake_Panorama.y4m,1586x752,24,8,160,0, KEY ,1,162,38549,26.848475,36.849434,38.376547,13.173644,12.845030,64.912746,63.013073,29.533508,29.773445,0.099707
STILL,aom,av2,0,F2,Cecret_Lake_Panorama.y4m,1586x752,24,8,185,0, KEY ,1,187,10457,23.990362,35.007405,36.533008,8.561643,8.703109,34.997447,33.527369,23.663012,27.161581,0.179524
STILL,aom,av2,0,F2,Claudette.y4m,900x1100,24,8,60,0, KEY ,1,62,399996,48.754526,50.186754,50.535361,36.667317,32.421663,96.709544,95.715466,52.921577,45.695803,0.028145
STILL,aom,av2,0,F2,Claudette.y4m,900x1100,24,8,85,0, KEY ,1,87,270271,43.161138,48.451846,48.891605,30.731968,26.934124,95.229916,93.920666,48.716282,42.472686,0.096998
STILL,aom,av2,0,F2,Claudette.y4m,900x1100,24,8,110,0, KEY ,1,112,161359,37.527331,46.765866,47.432598,24.717500,21.288678,91.234501,89.639031,42.597603,38.703086,0.162449
STILL,aom,av2,0,F2,Claudette.y4m,900x1100,24,8,135,0, KEY ,1,137,80154,32.244290,45.033461,45.866560,18.845475,16.235106,81.136538,79.396837,35.722864,34.669124,0.186434
STILL,aom,av2,0,F2,Claudette.y4m,900x1100,24,8,160,0, KEY ,1,162,24585,27.458487,43.055412,44.120441,13.689543,11.577760,58.854237,57.311260,29.238695,30.708381,0.280730
STILL,aom,av2,0,F2,Claudette.y4m,900x1100,24,8,185,0, KEY ,1,187,6444,24.827874,40.725566,41.598764,9.069151,7.865243,28.003296,27.112732,23.917110,28.122200,0.694219
STILL,aom,av2,0,F2,Collage_Oppeln.y4m,904x1280,24,8,60,0, KEY ,1,62,320342,49.119677,49.601164,50.183717,35.874303,31.560615,96.983669,96.226174,51.482435,46.657449,0.033450
STILL,aom,av2,0,F2,Collage_Oppeln.y4m,904x1280,24,8,85,0, KEY ,1,87,196782,44.331682,46.325441,47.144586,31.173403,27.533879,96.125559,95.025803,48.099894,43.060579,0.092022
STILL,aom,av2,0,F2,Collage_Oppeln.y4m,904x1280,24,8,110,0, KEY ,1,112,110009,39.366987,43.276165,44.167919,26.308139,23.145184,93.643344,92.163661,43.088348,39.640727,0.143372
STILL,aom,av2,0,F2,Collage_Oppeln.y4m,904x1280,24,8,135,0, KEY ,1,137,54258,34.662386,40.499804,41.221566,21.361621,18.821463,87.723644,85.611339,37.089377,36.212147,0.179312
STILL,aom,av2,0,F2,Collage_Oppeln.y4m,904x1280,24,8,160,0, KEY ,1,162,23366,30.479320,37.749817,38.537926,16.604125,14.735335,73.578581,71.172696,31.082274,32.946447,0.093252
STILL,aom,av2,0,F2,Collage_Oppeln.y4m,904x1280,24,8,185,0, KEY ,1,187,8933,26.968773,35.095737,35.839848,12.084313,10.924329,51.251477,48.956233,25.622744,29.889631,0.160554
STILL,aom,av2,0,F2,Corona_Arch.y4m,1272x922,24,8,60,0, KEY ,1,62,352362,48.752427,48.980106,49.265741,33.552535,29.592374,96.708011,95.773430,50.712703,50.004848,0.000803
STILL,aom,av2,0,F2,Corona_Arch.y4m,1272x922,24,8,85,0, KEY ,1,87,188196,43.449740,46.701694,45.453650,27.174714,23.985249,95.503486,94.229360,46.141320,45.383645,2.189711
STILL,aom,av2,0,F2,Corona_Arch.y4m,1272x922,24,8,110,0, KEY ,1,112,93748,38.845410,44.698385,42.216590,23.485021,20.723180,92.433096,90.706185,42.413054,41.850621,5.248539
STILL,aom,av2,0,F2,Corona_Arch.y4m,1272x922,24,8,135,0, KEY ,1,137,37382,34.563329,42.625149,39.392146,19.576961,16.885903,83.924949,81.848047,36.786786,38.605697,5.757519
STILL,aom,av2,0,F2,Corona_Arch.y4m,1272x922,24,8,160,0, KEY ,1,162,12871,31.243084,40.255748,36.773565,15.001188,13.047973,64.300355,62.517834,31.038644,35.896125,5.700450
STILL,aom,av2,0,F2,Corona_Arch.y4m,1272x922,24,8,185,0, KEY ,1,187,4214,28.671952,37.462616,34.408607,10.914212,9.886166,37.106753,35.357015,26.548005,33.579528,6.181879
STILL,aom,av2,0,F2,Correfocs_Festa_Major_del_Clot.y4m,1306x870,24,8,60,0, KEY ,1,62,223087,48.777073,49.944229,49.534153,30.467508,28.987485,96.510801,95.539870,50.169874,48.898825,0.406136
STILL,aom,av2,0,F2,Correfocs_Festa_Major_del_Clot.y4m,1306x870,24,8,85,0, KEY ,1,87,116029,44.770828,47.490691,46.393311,25.386291,24.678228,94.823924,93.501805,46.262342,45.606900,1.417475
STILL,aom,av2,0,F2,Correfocs_Festa_Major_del_Clot.y4m,1306x870,24,8,110,0, KEY ,1,112,62187,41.076496,45.026035,43.167943,21.196221,21.057043,90.487082,88.829968,41.994978,42.699921,1.696525
STILL,aom,av2,0,F2,Correfocs_Festa_Major_del_Clot.y4m,1306x870,24,8,135,0, KEY ,1,137,31462,37.091750,42.692205,40.001803,17.114091,17.400132,81.937750,79.411536,37.178398,39.735627,1.652945
STILL,aom,av2,0,F2,Correfocs_Festa_Major_del_Clot.y4m,1306x870,24,8,160,0, KEY ,1,162,13620,32.952611,40.438160,36.711476,12.767072,13.392526,62.296965,60.243531,32.019650,36.598018,1.640041
STILL,aom,av2,0,F2,Correfocs_Festa_Major_del_Clot.y4m,1306x870,24,8,185,0, KEY ,1,187,3821,28.997403,38.335359,33.454386,8.383192,9.247071,31.426712,30.484979,26.820028,33.413480,1.998140
STILL,aom,av2,0,F2,Crepuscular_rays_at_Sunset_near_Waterberg_Plateau.y4m,1402x934,24,8,60,0, KEY ,1,62,378255,48.952782,49.560653,49.528651,34.216727,30.122541,96.041472,94.795745,51.669261,47.215379,0.220704
STILL,aom,av2,0,F2,Crepuscular_rays_at_Sunset_near_Waterberg_Plateau.y4m,1402x934,24,8,85,0, KEY ,1,87,224313,44.088274,46.499767,46.161790,28.833447,25.550875,93.771782,92.185532,47.584005,43.385067,0.513835
STILL,aom,av2,0,F2,Crepuscular_rays_at_Sunset_near_Waterberg_Plateau.y4m,1402x934,24,8,110,0, KEY ,1,112,110494,38.724998,43.860546,43.402078,23.307530,20.421020,87.832578,86.048836,41.923987,39.658669,0.557401
STILL,aom,av2,0,F2,Crepuscular_rays_at_Sunset_near_Waterberg_Plateau.y4m,1402x934,24,8,135,0, KEY ,1,137,35650,33.960847,41.470822,40.956009,17.486567,14.982035,74.206996,72.108451,35.402124,36.114417,0.639668
STILL,aom,av2,0,F2,Crepuscular_rays_at_Sunset_near_Waterberg_Plateau.y4m,1402x934,24,8,160,0, KEY ,1,162,8950,31.071402,39.179809,38.700747,12.232631,10.799358,45.539701,44.071196,30.225312,33.548676,0.620570
STILL,aom,av2,0,F2,Crepuscular_rays_at_Sunset_near_Waterberg_Plateau.y4m,1402x934,24,8,185,0, KEY ,1,187,2649,29.360727,36.655623,36.267704,8.591065,8.172455,14.206121,13.553177,26.949437,31.555546,1.171378
STILL,aom,av2,0,F2,Esquibien_Jean_Perrot.y4m,818x1228,24,8,60,0, KEY ,1,62,365006,48.802201,50.269259,50.273166,32.215179,31.029885,96.898264,96.028103,51.648933,46.669750,0.671867
STILL,aom,av2,0,F2,Esquibien_Jean_Perrot.y4m,818x1228,24,8,85,0, KEY ,1,87,231247,43.353374,47.931864,47.680330,26.648970,25.807398,95.904271,94.739050,47.708427,43.127548,0.796164
STILL,aom,av2,0,F2,Esquibien_Jean_Perrot.y4m,818x1228,24,8,110,0, KEY ,1,112,126544,37.661096,46.478837,46.154436,21.796748,20.961070,93.197942,91.695359,42.775518,39.439341,0.645146
STILL,aom,av2,0,F2,Esquibien_Jean_Perrot.y4m,818x1228,24,8,135,0, KEY ,1,137,44431,32.326509,44.967324,44.675365,16.038773,15.239547,86.175731,84.162268,35.925278,35.383954,0.464059
STILL,aom,av2,0,F2,Esquibien_Jean_Perrot.y4m,818x1228,24,8,160,0, KEY ,1,162,11634,29.159595,43.220645,42.839385,11.462819,11.206547,69.632655,67.344459,29.888173,32.696597,0.761033
STILL,aom,av2,0,F2,Esquibien_Jean_Perrot.y4m,818x1228,24,8,185,0, KEY ,1,187,4368,27.241068,40.633582,40.569960,9.176749,9.350802,49.706742,46.814100,26.203022,30.816266,0.676569
STILL,aom,av2,0,F2,Florac-Le_Vibron-Source_du_Pecher.y4m,1080x874,24,8,60,0, KEY ,1,62,453534,48.804231,48.324529,48.241579,33.894099,32.610499,96.929599,96.112491,53.304880,45.041495,0.044032
STILL,aom,av2,0,F2,Florac-Le_Vibron-Source_du_Pecher.y4m,1080x874,24,8,85,0, KEY ,1,87,286192,42.991938,44.057103,44.063237,28.174820,26.999255,95.954097,94.777150,48.581941,40.580680,0.289817
STILL,aom,av2,0,F2,Florac-Le_Vibron-Source_du_Pecher.y4m,1080x874,24,8,110,0, KEY ,1,112,158345,37.188436,41.219827,41.618087,22.209407,21.134682,93.351190,91.740894,42.409188,37.033373,0.284154
STILL,aom,av2,0,F2,Florac-Le_Vibron-Source_du_Pecher.y4m,1080x874,24,8,135,0, KEY ,1,137,75701,32.138038,39.210974,39.752302,16.733821,16.149686,85.740811,83.832479,35.738645,33.622658,0.670573
STILL,aom,av2,0,F2,Florac-Le_Vibron-Source_du_Pecher.y4m,1080x874,24,8,160,0, KEY ,1,162,27187,27.769178,37.377229,38.115517,11.592392,11.547183,68.942334,66.821819,29.271774,30.409174,0.843706
STILL,aom,av2,0,F2,Florac-Le_Vibron-Source_du_Pecher.y4m,1080x874,24,8,185,0, KEY ,1,187,7710,24.664177,35.272687,36.270558,7.578418,7.974125,43.241650,41.435020,24.117888,27.878740,0.954676
STILL,aom,av2,0,F2,Fontaine_Place_Stanislas.y4m,1390x820,24,8,60,0, KEY ,1,62,268582,49.207640,48.981008,50.394564,30.897464,29.846695,96.929746,96.129129,50.333554,45.795204,6.095691
STILL,aom,av2,0,F2,Fontaine_Place_Stanislas.y4m,1390x820,24,8,85,0, KEY ,1,87,159757,44.693234,45.953974,47.773063,26.855057,25.980488,95.779900,94.644825,47.316568,42.922804,6.631545
STILL,aom,av2,0,F2,Fontaine_Place_Stanislas.y4m,1390x820,24,8,110,0, KEY ,1,112,89767,40.093939,43.012516,45.552675,22.202824,21.806140,92.776283,91.302851,42.719054,40.148329,6.698829
STILL,aom,av2,0,F2,Fontaine_Place_Stanislas.y4m,1390x820,24,8,135,0, KEY ,1,137,45806,35.526478,40.547355,43.620834,17.837148,17.912290,85.758754,83.620163,37.506152,37.352132,7.208934
STILL,aom,av2,0,F2,Fontaine_Place_Stanislas.y4m,1390x820,24,8,160,0, KEY ,1,162,18718,31.024211,38.193144,41.652061,14.132200,14.418194,69.399866,67.153682,32.026945,34.352589,7.546682
STILL,aom,av2,0,F2,Fontaine_Place_Stanislas.y4m,1390x820,24,8,185,0, KEY ,1,187,6281,27.529074,36.119579,39.777737,10.470432,10.976850,44.044710,42.525439,26.656022,31.582879,6.176822
STILL,aom,av2,0,F2,Genmaicha_Tea.y4m,1260x840,24,8,60,0, KEY ,1,62,91782,50.349647,51.872245,51.599846,31.257648,30.610300,97.022221,96.252583,48.284562,49.414587,0.000968
STILL,aom,av2,0,F2,Genmaicha_Tea.y4m,1260x840,24,8,85,0, KEY ,1,87,54550,47.759702,50.047642,49.761193,29.259323,28.878352,96.235260,95.174953,47.187529,47.719079,0.001008
STILL,aom,av2,0,F2,Genmaicha_Tea.y4m,1260x840,24,8,110,0, KEY ,1,112,31398,44.029432,48.030392,47.723118,26.818447,26.639881,94.273237,92.789437,45.379956,45.805311,0.003133
STILL,aom,av2,0,F2,Genmaicha_Tea.y4m,1260x840,24,8,135,0, KEY ,1,137,16552,39.717267,45.921820,45.514408,23.932917,23.929772,89.096682,87.177706,41.720816,43.551048,0.000250
STILL,aom,av2,0,F2,Genmaicha_Tea.y4m,1260x840,24,8,160,0, KEY ,1,162,7683,35.454088,43.583576,42.765897,20.177834,20.346562,77.546488,75.349643,36.017861,40.857013,0.000061
STILL,aom,av2,0,F2,Genmaicha_Tea.y4m,1260x840,24,8,185,0, KEY ,1,187,3263,31.824006,41.543287,39.714703,16.804472,16.898863,58.516224,55.836747,30.594280,38.109961,0.000057
STILL,aom,av2,0,F2,Homestead_in_Montana.y4m,1326x826,24,8,60,0, KEY ,1,62,194784,49.114872,49.660861,50.126334,31.375066,30.012587,96.701001,95.745266,50.849127,48.815548,0.230120
STILL,aom,av2,0,F2,Homestead_in_Montana.y4m,1326x826,24,8,85,0, KEY ,1,87,106934,45.597684,46.637429,46.611361,28.110011,27.091994,95.565763,94.177592,48.026386,45.661113,0.517917
STILL,aom,av2,0,F2,Homestead_in_Montana.y4m,1326x826,24,8,110,0, KEY ,1,112,56382,41.692651,43.604662,43.158551,24.012326,23.512262,92.662119,90.752645,43.283528,42.571190,0.542519
STILL,aom,av2,0,F2,Homestead_in_Montana.y4m,1326x826,24,8,135,0, KEY ,1,137,27529,37.620476,40.536700,39.905859,19.377450,19.447257,85.041442,82.618324,37.363292,39.388248,0.511123
STILL,aom,av2,0,F2,Homestead_in_Montana.y4m,1326x826,24,8,160,0, KEY ,1,162,12457,33.781385,37.477317,36.579282,14.856399,15.379873,67.773339,65.385590,31.651957,36.167228,0.515545
STILL,aom,av2,0,F2,Homestead_in_Montana.y4m,1326x826,24,8,185,0, KEY ,1,187,5179,30.247644,34.776024,33.524332,10.706101,11.519684,41.718101,39.908127,26.738825,33.059784,0.755877
STILL,aom,av2,0,F2,Madeira_151_Funchal_Mercado_dos_Lavradores.y4m,1228x816,24,8,60,0, KEY ,1,62,306696,48.741028,48.577447,48.636897,34.762218,32.173806,96.872621,96.139719,53.595494,47.549814,0.360568
STILL,aom,av2,0,F2,Madeira_151_Funchal_Mercado_dos_Lavradores.y4m,1228x816,24,8,85,0, KEY ,1,87,169978,43.872729,44.591577,45.003547,29.213078,27.205139,95.889028,94.763688,48.660290,43.334292,0.356805
STILL,aom,av2,0,F2,Madeira_151_Funchal_Mercado_dos_Lavradores.y4m,1228x816,24,8,110,0, KEY ,1,112,87088,39.489403,40.858230,41.688785,23.894480,22.582712,93.129798,91.562220,42.327941,39.629536,0.359744
STILL,aom,av2,0,F2,Madeira_151_Funchal_Mercado_dos_Lavradores.y4m,1228x816,24,8,135,0, KEY ,1,137,41875,35.472290,37.471191,38.593255,18.738035,18.214357,85.796259,83.976983,35.842954,36.206652,0.480823
STILL,aom,av2,0,F2,Madeira_151_Funchal_Mercado_dos_Lavradores.y4m,1228x816,24,8,160,0, KEY ,1,162,19033,31.724092,34.320890,35.460575,14.059030,14.192132,69.863667,67.765745,29.940319,32.955566,0.706264
STILL,aom,av2,0,F2,Madeira_151_Funchal_Mercado_dos_Lavradores.y4m,1228x816,24,8,185,0, KEY ,1,187,7945,28.232096,31.304820,32.482860,9.855746,10.484738,44.054950,42.561012,24.977828,29.831382,0.744942
STILL,aom,av2,0,F2,Madeira_159_Funchal_Mercado_dos_Lavradores.y4m,1228x816,24,8,60,0, KEY ,1,62,475262,48.782546,48.630669,48.411479,36.170505,33.936584,97.083545,96.394893,53.913743,45.577316,0.004131
STILL,aom,av2,0,F2,Madeira_159_Funchal_Mercado_dos_Lavradores.y4m,1228x816,24,8,85,0, KEY ,1,87,307963,43.120690,44.496859,43.849728,30.543408,28.511514,96.321329,95.278369,49.382548,41.231847,0.051245
STILL,aom,av2,0,F2,Madeira_159_Funchal_Mercado_dos_Lavradores.y4m,1228x816,24,8,110,0, KEY ,1,112,175098,37.508399,40.669239,40.153953,24.573711,22.870935,93.979156,92.579119,43.023274,37.180999,0.077448
STILL,aom,av2,0,F2,Madeira_159_Funchal_Mercado_dos_Lavradores.y4m,1228x816,24,8,135,0, KEY ,1,137,84065,32.481719,37.136018,37.090488,19.001062,17.797803,87.683669,85.888748,36.188615,33.364888,0.135835
STILL,aom,av2,0,F2,Madeira_159_Funchal_Mercado_dos_Lavradores.y4m,1228x816,24,8,160,0, KEY ,1,162,34513,28.200173,34.069111,34.190104,14.602217,14.041077,73.636522,71.434816,29.959437,29.998381,0.262317
STILL,aom,av2,0,F2,Madeira_159_Funchal_Mercado_dos_Lavradores.y4m,1228x816,24,8,185,0, KEY ,1,187,12934,24.784291,31.566555,31.811016,10.693107,10.625510,51.434353,49.429535,24.297086,27.139673,0.219685
STILL,aom,av2,0,F2,MagicKindom.y4m,1000x1000,24,8,60,0, KEY ,1,62,543704,48.701214,48.041754,48.142598,38.592319,34.403750,96.931179,96.113032,54.642919,47.888193,0.000000
STILL,aom,av2,0,F2,MagicKindom.y4m,1000x1000,24,8,85,0, KEY ,1,87,352480,42.699589,43.623941,43.536583,32.551642,28.287199,95.919612,94.747911,49.393201,42.613610,0.001105
STILL,aom,av2,0,F2,MagicKindom.y4m,1000x1000,24,8,110,0, KEY ,1,112,207157,36.860154,41.082602,40.846990,25.832359,22.332390,92.963911,91.479894,42.933978,38.167138,0.675227
STILL,aom,av2,0,F2,MagicKindom.y4m,1000x1000,24,8,135,0, KEY ,1,137,100463,31.363102,39.017212,38.759351,20.492052,17.397547,85.873625,83.788031,36.149590,33.806693,0.760839
STILL,aom,av2,0,F2,MagicKindom.y4m,1000x1000,24,8,160,0, KEY ,1,162,34932,26.843741,37.096530,36.870892,15.297507,12.480358,68.369940,66.302880,29.069148,30.034400,0.641183
STILL,aom,av2,0,F2,MagicKindom.y4m,1000x1000,24,8,185,0, KEY ,1,187,10568,23.774087,34.978467,35.374651,10.102382,8.365462,40.548583,39.049923,23.146495,27.208218,0.914943
STILL,aom,av2,0,F2,Michigan_Stadium.y4m,1400x934,24,8,60,0, KEY ,1,62,646787,48.748572,48.906984,49.164314,37.891940,33.098513,97.068144,96.339618,53.310974,47.175369,0.031553
STILL,aom,av2,0,F2,Michigan_Stadium.y4m,1400x934,24,8,85,0, KEY ,1,87,452836,43.536498,44.110266,44.487196,33.035018,28.925777,96.197584,95.156947,49.365763,42.454513,0.069086
STILL,aom,av2,0,F2,Michigan_Stadium.y4m,1400x934,24,8,110,0, KEY ,1,112,294636,38.213269,38.977146,39.835413,27.958403,24.818119,94.032553,92.561892,44.036891,37.893899,0.119625
STILL,aom,av2,0,F2,Michigan_Stadium.y4m,1400x934,24,8,135,0, KEY ,1,137,170921,32.750047,34.055636,36.466819,22.792907,20.450983,88.223466,86.245303,37.464401,33.588492,0.158956
STILL,aom,av2,0,F2,Michigan_Stadium.y4m,1400x934,24,8,160,0, KEY ,1,162,78692,27.222672,30.470158,33.924439,17.593876,15.824539,73.245214,71.026358,30.433749,29.450251,0.143642
STILL,aom,av2,0,F2,Michigan_Stadium.y4m,1400x934,24,8,185,0, KEY ,1,187,25736,22.754111,28.197956,32.053150,12.304305,10.877310,46.791881,44.883124,23.547675,25.908813,0.231375
STILL,aom,av2,0,F2,OperaLamps.y4m,1296x864,24,8,60,0, KEY ,1,62,435062,48.942811,48.613747,48.617789,35.844373,33.736911,96.872441,96.049493,54.084379,45.501010,0.755812
STILL,aom,av2,0,F2,OperaLamps.y4m,1296x864,24,8,85,0, KEY ,1,87,270070,43.946724,43.662803,43.972222,30.920760,29.271716,95.686805,94.525005,49.796782,40.849193,1.248637
STILL,aom,av2,0,F2,OperaLamps.y4m,1296x864,24,8,110,0, KEY ,1,112,150580,39.026477,39.197287,39.976057,25.754532,24.587296,92.719291,91.130068,43.455884,36.786379,1.164681
STILL,aom,av2,0,F2,OperaLamps.y4m,1296x864,24,8,135,0, KEY ,1,137,74930,34.186260,35.430152,36.690509,20.369370,19.676682,85.085930,83.031710,36.264758,33.126429,0.849236
STILL,aom,av2,0,F2,OperaLamps.y4m,1296x864,24,8,160,0, KEY ,1,162,33124,29.790264,32.393744,34.048752,15.159439,14.919201,67.601598,65.633218,29.546289,29.844505,0.843830
STILL,aom,av2,0,F2,OperaLamps.y4m,1296x864,24,8,185,0, KEY ,1,187,12531,25.852293,30.011607,32.147157,9.941918,10.213446,38.763841,37.264444,23.594407,26.797783,0.736939
STILL,aom,av2,0,F2,Orion_Nebula.y4m,1200x840,24,8,60,0, KEY ,1,62,128577,48.778521,49.940433,50.466026,30.023416,28.202743,96.033061,94.831851,50.136045,47.636641,0.000001
STILL,aom,av2,0,F2,Orion_Nebula.y4m,1200x840,24,8,85,0, KEY ,1,87,49635,45.228863,47.702065,48.048368,24.112256,23.290664,94.037466,92.440712,45.364194,44.772171,0.012918
STILL,aom,av2,0,F2,Orion_Nebula.y4m,1200x840,24,8,110,0, KEY ,1,112,20631,42.549784,45.649523,45.674473,19.238941,19.446277,88.520076,86.696492,40.656719,42.490804,0.059565
STILL,aom,av2,0,F2,Orion_Nebula.y4m,1200x840,24,8,135,0, KEY ,1,137,8628,39.903935,43.624287,43.216547,15.271053,16.104325,75.982258,73.984124,36.585246,40.232571,0.371844
STILL,aom,av2,0,F2,Orion_Nebula.y4m,1200x840,24,8,160,0, KEY ,1,162,3531,37.168768,41.571621,40.530174,11.998387,13.122416,52.685947,51.335655,33.135483,37.936735,0.832744
STILL,aom,av2,0,F2,Orion_Nebula.y4m,1200x840,24,8,185,0, KEY ,1,187,1396,34.464242,39.454504,38.448135,9.499681,10.578810,24.903837,24.205845,30.165684,35.582601,1.879936
STILL,aom,av2,0,F2,Saint_Catherine-Caravaggio.y4m,876x1140,24,8,60,0, KEY ,1,62,284770,48.851600,49.697703,50.194313,31.097088,29.597295,97.018357,96.318675,51.006640,46.391565,0.000297
STILL,aom,av2,0,F2,Saint_Catherine-Caravaggio.y4m,876x1140,24,8,85,0, KEY ,1,87,132977,42.698299,47.948501,48.040680,24.234397,22.980230,96.126305,95.102961,45.827922,43.245119,1.921804
STILL,aom,av2,0,F2,Saint_Catherine-Caravaggio.y4m,876x1140,24,8,110,0, KEY ,1,112,47522,38.376998,46.226892,45.962611,19.238702,18.431318,93.397962,92.071067,40.681417,40.428943,4.292965
STILL,aom,av2,0,F2,Saint_Catherine-Caravaggio.y4m,876x1140,24,8,135,0, KEY ,1,137,18479,35.651618,44.177092,43.776216,15.816919,15.587990,86.871115,84.815855,36.422552,38.370425,5.600498
STILL,aom,av2,0,F2,Saint_Catherine-Caravaggio.y4m,876x1140,24,8,160,0, KEY ,1,162,7965,33.192590,41.809348,41.239716,13.003434,13.304218,72.351911,70.218349,32.523442,36.317701,6.144220
STILL,aom,av2,0,F2,Saint_Catherine-Caravaggio.y4m,876x1140,24,8,185,0, KEY ,1,187,3227,30.434664,39.242662,38.876444,10.309001,10.933842,52.528427,50.218780,28.500906,34.038686,6.937228
STILL,aom,av2,0,F2,Streptopelia_orientalis.y4m,1404x936,24,8,60,0, KEY ,1,62,221308,48.362335,49.683681,50.535831,36.852674,30.445378,96.856393,96.082279,51.951132,47.337647,0.007453
STILL,aom,av2,0,F2,Streptopelia_orientalis.y4m,1404x936,24,8,85,0, KEY ,1,87,113701,45.209210,46.416673,47.731739,31.560147,26.982804,95.690115,94.543282,47.730131,44.360759,0.017325
STILL,aom,av2,0,F2,Streptopelia_orientalis.y4m,1404x936,24,8,110,0, KEY ,1,112,58475,41.916233,42.931662,44.706981,26.580468,23.471215,92.763124,91.195019,42.600699,41.389207,0.019503
STILL,aom,av2,0,F2,Streptopelia_orientalis.y4m,1404x936,24,8,135,0, KEY ,1,137,29896,38.451427,39.460249,41.534817,21.567679,19.704020,85.491726,83.433397,37.064685,38.170044,0.014997
STILL,aom,av2,0,F2,Streptopelia_orientalis.y4m,1404x936,24,8,160,0, KEY ,1,162,14870,34.816105,35.974558,38.592165,16.815114,15.882682,68.771984,66.875133,31.872985,34.770289,0.012256
STILL,aom,av2,0,F2,Streptopelia_orientalis.y4m,1404x936,24,8,185,0, KEY ,1,187,6913,30.977258,32.898762,35.796759,12.157775,11.971598,43.664601,42.114845,27.078559,31.323624,0.013582
STILL,aom,av2,0,F2,Swallowtail.y4m,1300x900,24,8,60,0, KEY ,1,62,282670,48.630427,49.832765,50.645239,35.364781,29.935313,96.935383,96.192685,51.258439,49.364558,0.013355
STILL,aom,av2,0,F2,Swallowtail.y4m,1300x900,24,8,85,0, KEY ,1,87,119166,43.256068,46.989634,47.837243,28.863232,23.961692,96.053422,94.944607,46.214374,44.972959,0.120670
STILL,aom,av2,0,F2,Swallowtail.y4m,1300x900,24,8,110,0, KEY ,1,112,60879,40.459678,44.064820,44.846833,25.079239,21.599941,93.695315,92.017252,42.494351,42.448181,0.236482
STILL,aom,av2,0,F2,Swallowtail.y4m,1300x900,24,8,135,0, KEY ,1,137,30822,37.194106,41.015771,41.671659,21.122791,18.790901,87.096568,84.963330,37.517903,39.691252,0.271135
STILL,aom,av2,0,F2,Swallowtail.y4m,1300x900,24,8,160,0, KEY ,1,162,15062,33.689304,37.787271,38.300586,17.272664,15.839181,73.424501,70.966264,32.189167,36.600510,0.260534
STILL,aom,av2,0,F2,Swallowtail.y4m,1300x900,24,8,185,0, KEY ,1,187,6916,30.066119,34.683917,35.072562,13.373412,12.749218,50.816540,48.742715,27.143971,33.362629,0.296478
STILL,aom,av2,0,F2,Washington_Monument.y4m,1204x904,24,8,60,0, KEY ,1,62,271634,49.144078,50.541259,50.425216,34.330292,30.250544,96.815111,95.684716,51.287012,47.287879,0.427600
STILL,aom,av2,0,F2,Washington_Monument.y4m,1204x904,24,8,85,0, KEY ,1,87,170232,44.503313,48.604682,48.398655,28.665185,25.559092,95.456219,94.032660,47.316085,44.355694,0.527389
STILL,aom,av2,0,F2,Washington_Monument.y4m,1204x904,24,8,110,0, KEY ,1,112,98042,39.526645,46.564802,46.675873,23.087769,20.831534,91.888318,90.120950,42.107586,41.283245,0.518997
STILL,aom,av2,0,F2,Washington_Monument.y4m,1204x904,24,8,135,0, KEY ,1,137,46452,34.584043,44.313188,44.906775,17.981647,16.261229,82.309039,80.518069,36.514369,37.916471,0.496382
STILL,aom,av2,0,F2,Washington_Monument.y4m,1204x904,24,8,160,0, KEY ,1,162,15808,30.285866,42.086713,43.136103,13.788210,12.621157,63.619361,61.576484,31.333337,34.632625,0.546388
STILL,aom,av2,0,F2,Washington_Monument.y4m,1204x904,24,8,185,0, KEY ,1,187,4274,27.408819,39.360178,40.881164,10.118981,9.520055,34.809569,33.603333,26.762567,31.818768,0.516998
STILL,aom,av2,0,F2,Wasserfassstelle_von_1898_im_Schanerloch.y4m,816x1150,24,8,60,0, KEY ,1,62,371736,48.748770,49.784125,49.983623,34.669444,32.678922,96.949451,96.085504,52.903601,47.229046,0.001708
STILL,aom,av2,0,F2,Wasserfassstelle_von_1898_im_Schanerloch.y4m,816x1150,24,8,85,0, KEY ,1,87,244784,43.236013,47.573398,48.093019,28.760841,27.128591,95.852676,94.690707,48.725983,43.499304,0.009097
STILL,aom,av2,0,F2,Wasserfassstelle_von_1898_im_Schanerloch.y4m,816x1150,24,8,110,0, KEY ,1,112,147953,37.834951,46.010813,46.778745,22.953163,21.896142,92.789145,91.328215,42.969211,39.716249,0.018952
STILL,aom,av2,0,F2,Wasserfassstelle_von_1898_im_Schanerloch.y4m,816x1150,24,8,135,0, KEY ,1,137,75875,32.653145,44.518615,45.336268,17.534150,17.124644,85.338589,83.320387,36.419895,35.731339,0.070109
STILL,aom,av2,0,F2,Wasserfassstelle_von_1898_im_Schanerloch.y4m,816x1150,24,8,160,0, KEY ,1,162,29021,28.012250,42.676008,43.197239,12.662511,12.756192,66.733882,64.891767,29.860524,31.874986,0.229912
STILL,aom,av2,0,F2,Wasserfassstelle_von_1898_im_Schanerloch.y4m,816x1150,24,8,185,0, KEY ,1,187,9087,24.686822,40.742660,40.335008,8.495519,8.936353,38.517180,37.030436,24.121247,28.713100,0.320646
STILL,aom,av2,0,F2,Zoo_de_la_Barben.y4m,1296x864,24,8,60,0, KEY ,1,62,119167,48.075784,50.085179,50.169497,28.702273,27.279379,96.692833,95.789693,48.268394,44.669904,3.144459
STILL,aom,av2,0,F2,Zoo_de_la_Barben.y4m,1296x864,24,8,85,0, KEY ,1,87,55054,45.676888,48.237808,48.228199,26.076881,25.091285,95.516386,94.208686,46.528713,43.259853,9.455353
STILL,aom,av2,0,F2,Zoo_de_la_Barben.y4m,1296x864,24,8,110,0, KEY ,1,112,25909,42.844701,46.165917,46.094111,23.385903,22.735975,92.978058,91.072869,43.848462,41.839916,9.181608
STILL,aom,av2,0,F2,Zoo_de_la_Barben.y4m,1296x864,24,8,135,0, KEY ,1,137,10798,39.609121,43.850721,43.659300,19.552583,19.454692,85.754202,83.429797,39.326678,40.139833,9.026628
STILL,aom,av2,0,F2,Zoo_de_la_Barben.y4m,1296x864,24,8,160,0, KEY ,1,162,4308,36.687573,41.292190,40.979554,15.517230,16.014938,70.412006,68.088719,34.550465,38.117646,8.487190
STILL,aom,av2,0,F2,Zoo_de_la_Barben.y4m,1296x864,24,8,185,0, KEY ,1,187,1786,33.945895,38.927923,38.180149,12.148982,12.874227,49.238870,46.800495,30.567621,35.910280,8.026779
