tag,cfg,class,psnr_y,psnr_u,psnr_v,overall_psnr,ssim_y,ms_ssim_y,vmaf,vmaf_neg,psnr_hvs,ciede2k,apsnr_y,apsnr_u,apsnr_v,overall_apsnr
libaom-v3.12.0,AI,A1,1.7140375,-1.717225,-1.80215,1.3342875,-0.3755875,1.1794375000000001,-4.5703625,-6.3058375,0.5693625,0.26167499999999994,1.7116,-1.7166375,-1.79615,1.4310250000000002
libaom-v3.12.0,AI,A2,0.9347,1.9926473684210528,2.762815789473684,1.050821052631579,0.03072105263157893,-0.44767894736842107,-3.340126315789474,-2.619263157894737,2.3038894736842104,3.9274947368421054,0.9295736842105263,1.9928631578947371,2.760157894736842,1.1263894736842106
libaom-v3.12.0,AI,A3,-0.020687499999999998,-1.8434875000000002,-1.9503,-0.1816,-0.6544749999999999,-0.49792499999999995,-2.2940875,-2.318275,-0.9057625,-0.7682875,-0.017374999999999998,-1.844075,-1.95115,-0.20005
libaom-v3.12.0,AI,A4,0.5801999999999999,1.9859666666666669,4.657666666666667,0.7902833333333333,-0.8960500000000001,-0.5316833333333334,-3.9731,-3.2488499999999996,4.6258,3.119566666666667,0.5799,1.9812,4.6326,0.7764666666666667
libaom-v3.12.0,AI,A5,-0.246525,-1.2904,-1.8852250000000002,-0.319775,-1.0516,-0.9016749999999999,-1.34815,-2.070875,-1.156775,-0.279,-0.245675,-1.26725,-1.86365,-0.30425
libaom-v3.12.0,AI,B1,-0.18047999999999997,1.6065200000000002,1.91283,-0.021400000000000027,-0.36172999999999994,-1.142,-4.34131,-3.7613100000000004,3.8657200000000005,5.04345,-0.2381099999999999,1.52347,1.82123,-0.05711000000000001
libaom-v3.12.0,AI,B2,22.696666666666665,11.444288888888888,3.4404777777777777,21.667433333333335,22.227688888888892,21.75951111111111,23.5215,22.544733333333333,20.4839,17.63586666666667,22.545222222222222,11.457566666666667,3.4158999999999997,21.396077777777776
libaom-v3.12.0,AI,E,-0.8951,0.39426874999999995,1.2934,-0.6304125,-0.39111874999999996,-1.0762562500000001,-2.5173,-2.0308875,-0.8801125000000001,-1.29965,-0.7253999999999999,0.4721875,1.2776,-0.7866562500000001
libaom-v3.12.0,AI,G1,-1.1588,-2.8550500000000003,-2.451025,-1.252275,-1.264925,-1.225175,-2.142525,-2.43715,-1.29535,-1.00495,-1.1565,-2.8478,-2.4495,-1.1444999999999999
libaom-v3.12.0,AI,G2,-0.3527285714285715,-2.734842857142857,-2.106357142857143,-0.48558571428571434,-0.15807142857142856,-0.07368571428571426,-3.2606571428571427,-2.6198142857142854,-0.4134571428571428,-0.8442571428571429,-0.3351285714285714,-2.7326857142857146,-2.1081714285714286,-0.4651
libaom-v3.12.0,AS,A1,2.1404,-5.46005,-5.487275,1.1379124999999999,-3.472875,-0.8341375,8.8299625,7.828050000000001,0.39863750000000003,-2.9448374999999998,2.2631125,-5.651775,-5.758325,1.605025
libaom-v3.12.0,LD,A2,11.877052631578948,3.055294736842105,2.6760894736842102,10.902794736842106,9.543957894736844,8.796257894736843,20.334915789473683,19.765431578947368,12.6479,9.92602105263158,17.514021052631577,4.411452631578948,3.463515789473684,16.567805263157894
libaom-v3.12.0,LD,A3,10.787575,14.9790625,18.8447125,11.3560875,8.543275,8.616225,17.567037499999998,16.6946375,10.271975,13.888825,12.267299999999999,14.6941625,18.987325,12.678112500000001
libaom-v3.12.0,LD,A4,9.681216666666666,21.550466666666665,22.338449999999998,10.31155,12.208816666666669,11.538499999999999,10.776166666666667,8.690466666666667,14.899783333333332,17.2918,12.937633333333332,21.544466666666665,21.768583333333336,13.466866666666666
libaom-v3.12.0,LD,A5,11.6313,4.7197,3.6495249999999997,11.019449999999999,11.5068,11.164875,14.161200000000001,13.4114,10.707875,11.2134,14.29375,2.8774000000000006,2.0318,13.912525
libaom-v3.12.0,LD,B1,16.43585,4.4968900000000005,3.09018,15.290090000000001,11.93328,11.67408,24.574289999999998,22.93967,15.90821,16.05435,23.70045,7.96524,5.6560299999999994,22.535680000000003
libaom-v3.12.0,LD,B2,22.156344444444446,19.806255555555556,18.463755555555554,21.83376666666667,19.09982222222222,19.04958888888889,20.356011111111112,21.011055555555558,20.662355555555553,24.45147777777778,21.739688888888892,19.20628888888889,18.439344444444444,21.30648888888889
libaom-v3.12.0,RA,A1,0.13242499999999996,-7.4786125000000006,-7.49595,-0.8872249999999999,-1.7993625,-2.0304125,-0.15121249999999997,-1.002125,-1.3121749999999999,-4.4345125,0.42770000000000014,-7.632575,-7.6196625000000004,-0.4020250000000001
libaom-v3.12.0,RA,A2,-0.09432105263157897,-3.649005263157895,-3.0734894736842104,-0.451278947368421,-1.2129263157894734,-1.2048263157894736,1.7987526315789473,0.9250315789473685,0.22122105263157907,0.11827894736842119,-0.022821052631578888,-4.022368421052631,-3.358978947368421,-0.11741052631578953
libaom-v3.12.0,RA,A3,0.16564999999999996,3.7272000000000003,6.460625,0.646875,-0.23507500000000003,0.0009000000000001229,2.0193125,1.6544000000000003,-0.4618,2.7532125,-0.3832749999999999,3.3956375,6.2820374999999995,0.158325
libaom-v3.12.0,RA,A4,2.0460833333333333,8.1962,8.396966666666668,2.5603166666666666,4.51445,3.8049666666666666,-2.0016,-2.744566666666667,6.0059499999999995,8.647416666666667,2.339466666666667,7.601466666666667,7.8790000000000004,3.028366666666667
libaom-v3.12.0,RA,A5,2.0595,1.7527250000000003,1.6551999999999998,2.0679999999999996,4.340175,3.4171250000000004,-1.447125,-1.6896,1.03515,2.925625,1.469575,0.6084500000000004,0.617175,1.640225
libaom-v3.12.0,RA,B1,3.7012500000000004,0.7278,-1.7109100000000002,3.34125,2.0966,1.9264499999999998,2.34877,1.8811500000000003,4.31849,7.11978,4.203609999999999,1.65319,-1.35896,3.93497
libaom-v3.12.0,RA,B2,19.74052222222222,15.791577777777778,14.567777777777776,19.2848,17.8187,17.51311111111111,18.462488888888892,17.75461111111111,16.727155555555555,18.111611111111113,18.703122222222223,15.358,14.599544444444446,18.25203333333333
libaom-v3.12.0,RA,E,0.023962499999999942,-8.4284875,-8.57344375,-0.89915625,-2.29590625,-2.215875,-0.2364875000000001,-0.28791875,-0.47646875,-3.0805875,-0.6050375,-8.5880125,-8.89704375,-1.0568125
libaom-v3.12.0,RA,G1,0.75075,-7.559825,-13.745225,0.07589999999999986,0.12974999999999992,-0.6232999999999997,2.354475,2.1067,-0.33312499999999967,-4.25195,1.0352499999999996,-8.032725,-13.990750000000002,0.682175
libaom-v3.12.0,RA,G2,3.3992857142857145,-0.6583571428571425,-4.308628571428572,2.8371,1.998314285714286,2.719042857142857,1.6299571428571429,1.181957142857143,1.9432714285714285,2.1808428571428573,3.9376,1.9699000000000004,-3.104357142857143,3.5259
libaom-v3.12.0,Still,F1,0.12138928571428571,-1.2811464285714287,-1.3092785714285713,0.09706428571428569,-0.9168035714285715,-0.2811428571428572,-0.23492500000000005,-0.061614285714285726,-0.05650000000000001,-0.13515357142857143,0.12138928571428571,-1.2811464285714287,-1.3092785714285713,0.08564285714285716
libaom-v3.12.0,Still,F2,0.19861724137931033,-0.1377931034482758,-0.33670344827586207,0.17631379310344827,-0.0019241379310344698,-0.22783103448275863,-1.010237931034483,-0.8601172413793103,-0.4916655172413793,0.23189999999999997,0.19861724137931033,-0.1377931034482758,-0.33670344827586207,0.19453793103448275
libaom-v3.12.0-unconstrained,AI,A1,0.9675125,-2.146775,-2.6057625,0.525975,0.5206,0.9470375,0.8791625,0.510675,0.46381249999999996,-0.9283625,0.9669,-2.1436625,-2.6004125,0.5179625
libaom-v3.12.0-unconstrained,AI,A2,0.8676105263157895,-0.2567315789473684,-0.4400736842105263,0.7411947368421052,0.43528947368421056,0.3318736842105263,0.7556157894736842,0.7035789473684211,1.032057894736842,1.3821736842105263,0.865378947368421,-0.25747894736842103,-0.4434421052631578,0.7626631578947368
libaom-v3.12.0-unconstrained,AI,A3,0.41883750000000003,-2.2077875,-2.8546625,0.1322,-0.18470000000000003,-0.104075,0.952475,0.6712625,0.008924999999999999,-0.9660625,0.418925,-2.2047499999999998,-2.8638125,0.15075
libaom-v3.12.0-unconstrained,AI,A4,0.5818500000000001,3.0019333333333336,1.0616666666666668,0.6803833333333333,-0.4572833333333333,-0.1906,-0.02256666666666665,-0.4659,1.6523,2.17645,0.5798,3.02695,1.0431000000000001,0.62335
libaom-v3.12.0-unconstrained,AI,A5,0.7040249999999999,-1.9653,-3.2162249999999997,0.464425,-0.29185,-0.306125,1.1248250000000002,0.9703,0.007974999999999982,-0.016649999999999998,0.70745,-1.8815,-3.1553750000000003,0.5674750000000001
libaom-v3.12.0-unconstrained,AI,B1,-0.09185999999999997,-1.27865,-1.16586,-0.18871,0.002409999999999948,-0.37437,-0.13788999999999996,-0.31875000000000003,1.16358,1.7518999999999998,-0.19262,-1.3563399999999999,-1.22913,-0.28171000000000007
libaom-v3.12.0-unconstrained,AI,B2,22.153233333333336,13.783099999999997,13.929211111111108,21.19991111111111,23.037288888888888,22.413688888888892,23.92468888888889,23.2765,22.009766666666668,19.218877777777777,21.99663333333333,13.802644444444446,14.05918888888889,21.16901111111111
libaom-v3.12.0-unconstrained,AI,E,0.70711875,-1.0796999999999999,-1.647775,0.68128125,0.66078125,0.3012375,0.27625000000000005,0.51991875,0.48783125,-0.5159,0.7626875,-0.98109375,-1.57465,0.53020625
libaom-v3.12.0-unconstrained,AI,G1,-0.06945000000000001,-3.05715,-8.021675,-0.51275,0.144125,-0.023899999999999984,0.402575,0.5064,-0.0678,-2.0286,-0.06675,-3.075975,-8.034775,-0.233225
libaom-v3.12.0-unconstrained,AI,G2,0.4022428571428572,-3.5364857142857145,-4.1970857142857145,0.06144285714285713,0.5567142857142857,0.6231285714285715,-0.3500571428571429,-0.3485142857142857,0.20465714285714287,-1.0815285714285714,0.4071000000000001,-3.5401428571428575,-4.187285714285714,0.14195714285714284
libaom-v3.12.0-unconstrained,AS,A1,-7.6871624999999995,-7.1752625000000005,-8.027075,-7.811999999999999,-8.2383125,-8.461762499999999,-2.580075,-3.1923125,-8.0600625,-9.819212499999999,-8.3368375,-7.809875,-8.60175,-8.48725
libaom-v3.12.0-unconstrained,LD,A2,4.076321052631579,-0.3797736842105262,-0.4191315789473685,3.588268421052631,2.783894736842105,2.9384105263157894,4.277852631578948,3.9884052631578952,3.6206105263157897,3.3911052631578946,4.443252631578948,-0.4454631578947368,-0.31081578947368427,4.219226315789474
libaom-v3.12.0-unconstrained,LD,A3,4.2360875,2.3264875,3.1436875,4.0553375,4.1426875,4.218500000000001,4.6910625,4.0770625,3.9020375,3.2132875,4.2631375,2.402175,3.2881625,4.2391125
libaom-v3.12.0-unconstrained,LD,A4,3.491433333333333,3.71595,5.500666666666667,3.57755,1.25635,2.0485,2.22815,1.7293333333333332,6.722966666666667,5.502133333333333,3.4951333333333334,3.8675333333333337,5.888166666666667,3.774483333333334
libaom-v3.12.0-unconstrained,LD,A5,5.19955,4.228000000000001,5.6913,5.068675,5.697,6.112475,6.18925,5.9028,5.440775,5.51795,4.914725,4.3156,5.8218,5.11985
libaom-v3.12.0-unconstrained,LD,B1,4.9876,6.35478,4.57291,4.94172,3.56213,3.33853,5.5990400000000005,5.13245,6.18788,7.542350000000001,5.3091099999999996,7.3845600000000005,5.2470300000000005,5.4932099999999995
libaom-v3.12.0-unconstrained,LD,B2,22.102322222222224,17.252633333333332,16.367855555555554,21.495111111111115,24.577633333333335,24.465111111111113,29.689633333333333,28.830433333333335,27.38201111111111,16.00897777777778,24.828355555555554,19.599677777777778,18.73378888888889,24.330033333333333
libaom-v3.12.0-unconstrained,RA,A1,-8.509325,-10.915312499999999,-11.096775000000001,-8.7971,-4.5381125,-8.1815125,-11.0535125,-11.3404875,-8.4105625,-10.67485,-9.2279375,-11.48845,-11.4858125,-9.5672
libaom-v3.12.0-unconstrained,RA,A2,-8.826836842105264,-1.9849052631578952,-1.3210526315789475,-8.30958947368421,-11.006142105263159,-10.277557894736841,-13.304305263157895,-13.671505263157895,-9.090505263157896,-6.702110526315789,-10.538952631578946,-2.9244947368421053,-2.0818736842105263,-10.04511052631579
libaom-v3.12.0-unconstrained,RA,A3,-8.272325,-4.1384125,-3.9870124999999996,-7.9075625,-8.533475,-8.08835,-8.7546875,-9.03435,-7.9449000000000005,-7.845387499999999,-9.6626375,-4.4313125,-3.8472375,-9.1689875
libaom-v3.12.0-unconstrained,RA,A4,-4.39555,7.432716666666667,10.54925,-3.26005,-4.408600000000001,-5.7526,-9.529649999999998,-9.69655,-1.1804166666666667,1.5037166666666668,-5.843466666666667,6.330633333333334,9.798216666666667,-4.604566666666667
libaom-v3.12.0-unconstrained,RA,A5,-5.271525,10.67245,16.223375,-3.97815,-2.7531000000000003,-5.322649999999999,-15.62225,-15.362275,-6.860825,-2.2479,-7.070675,9.9703,15.713125,-6.0888
libaom-v3.12.0-unconstrained,RA,B1,-8.52299,5.165570000000001,2.2651,-7.40536,-12.12202,-11.0875,-16.2158,-16.05549,-7.576269999999999,-4.12724,-9.26416,5.9641,2.8433599999999997,-8.401050000000001
libaom-v3.12.0-unconstrained,RA,B2,15.862122222222224,12.976077777777778,10.918755555555556,15.488744444444443,15.746033333333335,15.562233333333332,15.135888888888887,14.61468888888889,14.913633333333333,15.426277777777777,14.872600000000002,11.033511111111112,10.10368888888889,14.31951111111111
libaom-v3.12.0-unconstrained,RA,E,-8.96013125,-5.496575000000001,-6.8521,-8.91665625,-8.95641875,-8.5395625,-14.88601875,-14.90946875,-10.08750625,-8.10886875,-12.59355625,-7.264843749999999,-8.93371875,-12.1081625
libaom-v3.12.0-unconstrained,RA,G1,-9.89325,-5.6007,-4.792249999999999,-9.534225,-9.186025,-11.2597,-12.473825000000001,-12.6678,-10.59425,-12.738375,-11.8,-6.5194,-5.5957,-11.450775
libaom-v3.12.0-unconstrained,RA,G2,-9.374057142857144,-7.553399999999999,-9.500314285714285,-9.226142857142857,-11.758585714285715,-11.1039,-12.483714285714285,-12.740157142857143,-9.911242857142856,-11.029528571428571,-9.9663,-4.765671428571429,-8.510214285714286,-9.769457142857144
libaom-v3.12.0-unconstrained,Still,F1,0.9737035714285714,-2.1942785714285713,-1.6203607142857144,0.5709285714285715,-0.6496464285714286,0.43391785714285713,1.7598857142857143,1.6136821428571426,0.6990857142857143,-0.21470714285714285,0.9737035714285714,-2.1942785714285713,-1.6203607142857144,0.7008642857142858
libaom-v3.12.0-unconstrained,Still,F2,0.9630275862068965,-0.6043551724137931,-1.0224172413793104,0.7336931034482759,0.7578103448275861,0.5928689655172414,1.4118827586206897,1.332148275862069,0.6868758620689654,0.1275137931034483,0.9630275862068965,-0.6043551724137931,-1.0224172413793104,0.7101862068965518
v02.0.0,AI,A1,-4.49065,-10.049624999999999,-12.40705,-5.290150000000001,-3.9527625,-4.5126125,-5.4597125,-5.4277,-4.5927999999999995,-8.3231875,-4.488875,-10.052675,-12.3796125,-5.3560375
v02.0.0,AI,A2,-4.0076368421052635,-12.083673684210526,-15.030257894736843,-4.888552631578947,-3.8167000000000004,-4.238468421052632,-4.856415789473684,-4.715984210526316,-3.557668421052631,-6.523557894736842,-4.013178947368421,-12.08487894736842,-15.049852631578949,-4.727068421052632
v02.0.0,AI,A3,-3.9293,-15.0659625,-17.263675,-5.1,-4.2449375,-4.1927875,-3.8737,-4.1031625,-4.6099,-8.233374999999999,-3.9304625,-15.0801375,-17.2781875,-4.7305375000000005
v02.0.0,AI,A4,-3.4653500000000004,-19.5055,-24.092483333333334,-4.996316666666666,-5.144033333333334,-4.628866666666666,-4.4463,-4.364483333333333,-3.2901833333333332,-7.8008,-3.4637499999999997,-19.51888333333333,-23.956549999999996,-4.2307999999999995
v02.0.0,AI,A5,-2.7451,-15.633600000000001,-14.8308,-3.9778000000000002,-3.695725,-3.68335,-3.673875,-3.775125,-4.392425,-8.0415,-2.74045,-15.684125,-14.905349999999999,-3.2746500000000003
v02.0.0,AI,B1,-5.1815999999999995,-14.894020000000001,-15.47987,-6.21721,-5.61618,-6.17177,-4.82803,-4.8146700000000004,-4.89575,-8.97605,-5.1782699999999995,-14.97484,-15.522659999999998,-6.0338
v02.0.0,AI,B2,-0.962011111111111,-17.628933333333336,-15.857455555555553,-2.555588888888889,-0.8669555555555556,-1.1556444444444445,-0.7146222222222222,-0.4766333333333333,-2.447111111111111,-10.182788888888888,-0.9204222222222221,-17.684744444444444,-15.849344444444446,-2.405377777777778
v02.0.0,AI,E,-3.8878000000000004,-15.2103875,-15.179187500000001,-5.384125,-3.35623125,-3.68320625,-5.50455625,-5.40363125,-4.4646,-7.6601,-3.76065,-15.15268125,-14.92813125,-4.3436562499999996
v02.0.0,AI,G1,-4.738175,-25.502000000000002,-46.1954,-8.825225,-4.0142,-4.6947,-4.9793,-5.128925,-5.516075000000001,-17.826825,-4.748374999999999,-25.618025000000003,-46.28805,-7.1755
v02.0.0,AI,G2,-6.172,-32.44311428571429,-35.67777142857143,-9.4257,-5.979285714285715,-6.069771428571428,-7.427342857142857,-7.245971428571429,-6.8839,-16.91784285714286,-6.197514285714285,-32.49784285714286,-35.6713,-7.527314285714285
v02.0.0,AS,A1,-2.1508625,-8.687575,-9.001925,-2.9673875,-1.970525,-2.2421125,-1.3860875,-1.5609625,-2.546425,-5.193275,-2.1682625,-8.7212125,-9.1940875,-2.8919125
v02.0.0,LD,A2,-1.2309105263157896,-11.051789473684211,-13.449136842105263,-2.2211315789473685,-1.1877842105263159,-1.3889157894736843,-1.9388526315789474,-1.8670736842105264,-1.0330684210526315,-3.778831578947368,-1.3350684210526316,-11.345384210526316,-13.619284210526315,-2.0466157894736843
v02.0.0,LD,A3,-0.97885,-9.42305,-10.2066875,-1.8382875,-0.9545875,-0.9914375,-0.587425,-0.656725,-1.300475,-4.4109125,-1.025575,-9.25555,-9.86185,-1.552875
v02.0.0,LD,A4,-0.5494500000000001,-11.611849999999999,-16.1555,-1.7474999999999998,-2.2068166666666666,-1.575866666666667,-0.1891666666666667,-0.5623166666666668,0.8910999999999999,-1.851016666666667,-0.7039833333333333,-12.079450000000001,-15.491183333333334,-1.3904666666666667
v02.0.0,LD,A5,-0.22590000000000002,-12.5804,-5.198475,-1.03125,-0.501475,-0.396675,-0.2594,-0.10345,-0.941575,-2.663875,-0.46265,-12.511275000000001,-5.0662,-0.80255
v02.0.0,LD,B1,-1.32998,-8.835840000000001,-8.333499999999999,-2.0331799999999998,-1.74966,-2.15867,-2.39288,-2.36459,-0.70797,-2.1699100000000002,-1.29644,-9.08383,-7.923400000000001,-1.8073799999999998
v02.0.0,LD,B2,-2.0603999999999996,-12.265222222222222,-11.345877777777778,-3.075977777777778,-2.7354444444444446,-2.6275666666666666,-1.2200333333333333,-1.1586555555555555,-3.3086555555555552,-7.831566666666666,-2.1071,-10.939466666666666,-10.548222222222222,-3.222
v02.0.0,RA,A1,-1.27255,-8.30935,-9.399625,-2.1256500000000003,-1.3308375,-1.4442249999999999,-2.1369124999999998,-2.0917,-1.6573125,-4.82415,-1.227025,-8.3216125,-9.5310625,-2.0544625
v02.0.0,RA,A2,-2.195136842105263,-10.169031578947369,-12.65881052631579,-3.0254736842105263,-2.025878947368421,-2.3626263157894734,-2.8609473684210527,-2.785057894736842,-1.8722736842105263,-4.075047368421052,-2.2624894736842105,-10.315605263157895,-12.77593157894737,-2.817263157894737
v02.0.0,RA,A3,-1.9051625,-9.8308125,-10.234850000000002,-2.7317625,-1.9834125,-2.0173625,-1.559625,-1.5352125,-2.2017375,-5.5425375,-1.939375,-9.6235875,-9.888225,-2.4809125
v02.0.0,RA,A4,-1.2129833333333333,-10.079099999999999,-14.913033333333333,-2.2619166666666666,-2.463833333333333,-2.1925833333333333,-1.8841833333333333,-2.011616666666667,0.027833333333333304,-2.3251666666666666,-1.4079333333333333,-10.301033333333333,-14.682566666666668,-1.9898666666666667
v02.0.0,RA,A5,-1.36465,-11.013275,-6.225725,-2.093175,-1.444125,-1.54995,-1.794425,-1.571425,-2.0743,-3.8110749999999998,-1.6442,-10.945725,-6.1046,-1.891825
v02.0.0,RA,B1,-3.77674,-8.886320000000001,-9.130289999999999,-4.33249,-3.8559200000000002,-4.23538,-5.19856,-4.88456,-2.84973,-3.10818,-4.21148,-9.24052,-5.55636,-4.74092
v02.0.0,RA,B2,0.23254444444444441,-11.199900000000001,-10.395988888888889,-0.8024666666666667,-0.37946666666666684,-0.37634444444444437,-1.3043888888888888,-1.2372444444444446,-1.0490777777777778,-7.8076333333333325,-0.5617555555555556,-9.53361111111111,-9.537266666666666,1.182466666666667
v02.0.0,RA,E,-2.14885,-7.65455625,-8.9804,-2.98645,-1.28666875,-2.05469375,3.3354875,3.8757124999999997,-2.35796875,-4.772425,-2.4144375,-7.79056875,-9.6883625,-2.8418437500000002
v02.0.0,RA,G1,-6.198075000000001,-18.45965,-33.9055,-8.697325,-3.7221,-6.026225,-0.9978249999999997,-1.19475,-5.842474999999999,-13.096475,-6.0493749999999995,-18.722775,-34.397349999999996,-6.95125
v02.0.0,RA,G2,-2.580357142857143,-22.4983,-27.899228571428573,-4.906457142857143,-2.794557142857143,-2.7415999999999996,-4.259328571428571,-4.1654285714285715,-3.1515285714285715,-7.2683285714285715,-2.4413714285714287,-20.793157142857144,-27.193314285714287,-3.0827285714285715
v02.0.0,Still,F1,-2.3759857142857146,-14.000789285714287,-17.005682142857143,-3.663275,-3.0785857142857145,-2.6364428571428573,-3.0736392857142856,-3.16715,-3.464807142857143,-5.799539285714286,-2.3759857142857146,-14.000789285714287,-17.005682142857143,-2.942932142857143
v02.0.0,Still,F2,-2.9907620689655174,-10.714524137931035,-11.163793103448276,-4.072272413793104,-3.0907241379310344,-3.3419517241379313,-3.276727586206897,-3.3165172413793105,-4.091762068965517,-5.778413793103448,-2.9907620689655174,-10.714524137931035,-11.163793103448276,-3.335865517241379
v03.0.0,AI,A1,-7.2376875,-13.0866875,-15.414325,-8.0817375,-5.585325,-6.8906,-7.64985,-7.75105,-7.0847625,-11.8394,-7.2335875,-13.0839875,-15.3879,-8.1278
v03.0.0,AI,A2,-6.554263157894736,-15.423436842105263,-18.398852631578947,-7.531810526315789,-5.5017736842105265,-6.207921052631579,-6.708957894736843,-6.429231578947369,-5.69128947368421,-9.826352631578947,-6.557142105263158,-15.420526315789473,-18.4115,-7.325715789473684
v03.0.0,AI,A3,-6.112625,-15.970625,-19.6917,-7.2296875,-5.8835125,-5.87685,-5.0095,-5.2166125,-6.1944125,-9.90175,-6.1141,-15.9687625,-19.704625,-6.8257
v03.0.0,AI,A4,-5.94735,-23.411033333333332,-28.619,-7.63305,-7.8919,-6.284983333333333,-6.1388,-5.716466666666666,-4.854466666666666,-10.583383333333334,-5.947833333333333,-23.429783333333333,-28.50315,-6.8383666666666665
v03.0.0,AI,A5,-4.06385,-16.262475000000002,-16.51125,-5.27915,-4.891525,-4.642225,-3.97965,-4.042025,-5.10525,-9.209900000000001,-4.0595,-16.373825,-16.60155,-4.54915
v03.0.0,AI,B1,-8.1021,-17.45344,-18.232570000000003,-9.094800000000001,-7.102939999999999,-8.129529999999999,-6.29742,-5.96483,-6.82654,-11.88783,-8.138630000000001,-17.51269,-18.27853,-8.92228
v03.0.0,AI,B2,-10.673366666666666,-22.04897777777778,-22.980844444444447,-11.865933333333333,-10.717555555555556,-11.059622222222222,-9.259077777777778,-8.812144444444444,-11.601111111111111,-18.632288888888887,-10.716577777777779,-22.146944444444443,-22.988722222222222,-11.738155555555556
v03.0.0,AI,E,-5.77763125,-16.395131250000002,-16.3933875,-7.21946875,-4.83696875,-5.162825,-7.50896875,-7.40155625,-6.14729375,-9.28768125,-5.64740625,-16.25259375,-16.1116,-6.0801875
v03.0.0,AI,G1,-8.598875,-29.563299999999998,-48.483000000000004,-12.46275,-5.750775,-7.372875,-8.3711,-8.531775,-8.50205,-20.408324999999998,-8.609449999999999,-29.68925,-48.542325,-10.89885
v03.0.0,AI,G2,-9.41762857142857,-34.58054285714286,-41.84937142857143,-12.783057142857142,-8.173557142857144,-8.628357142857142,-9.512514285714287,-9.166242857142857,-9.46077142857143,-20.85167142857143,-9.4471,-34.43548571428572,-41.83382857142857,-10.877685714285715
v03.0.0,AS,A1,-11.7017875,-14.6572,-16.6159375,-12.1734625,-9.4745875,-10.795525,-14.5269,-13.974887500000001,-11.10605,-13.7046,-11.7284125,-14.655025,-16.776175,-12.199125
v03.0.0,LD,A2,-5.746421052631579,-16.527826315789476,-16.736457894736844,-6.73111052631579,-5.029436842105263,-5.4219,-6.819605263157894,-6.4732631578947375,-4.935684210526316,-8.988536842105262,-5.8623315789473684,-16.883147368421053,-16.898884210526315,-6.604531578947368
v03.0.0,LD,A3,-4.5503875,-13.72655,-14.069600000000001,-5.459625,-4.2708625,-4.2455,-4.927975,-4.585675,-4.4973,-8.018075,-4.556675,-13.614437500000001,-13.7075,-5.115025
v03.0.0,LD,A4,-3.4773833333333335,-18.638483333333333,-18.875016666666667,-4.882916666666667,-5.16235,-3.926916666666667,-2.66255,-3.211183333333333,-1.7641499999999999,-6.363816666666666,-3.6626499999999997,-19.068133333333332,-18.886616666666665,-4.595716666666667
v03.0.0,LD,A5,-2.439625,-16.556575000000002,-7.219875,-3.342775,-2.201375,-2.2824999999999998,-4.727600000000001,-4.2875250000000005,-2.83375,-5.446975,-2.634175,-16.216625,-6.88765,-3.028025
v03.0.0,LD,B1,-5.20544,-12.06806,-12.910839999999999,-5.91188,-5.16393,-5.59612,-5.36798,-5.10374,-4.01928,-6.6107,-5.1164700000000005,-13.568789999999998,-12.75216,-5.58554
v03.0.0,LD,B2,-11.758955555555556,-18.232344444444447,-19.38992222222222,-12.48301111111111,-12.02591111111111,-11.954055555555556,-12.994422222222221,-11.693355555555556,-11.9414,-15.089477777777777,-11.83828888888889,-17.295166666666667,-18.602955555555553,-12.633244444444443
v03.0.0,RA,A1,-11.089325,-15.3619875,-17.5203375,-11.6587625,-9.32385,-10.380675,-14.7162375,-13.8180375,-10.519824999999999,-13.52245,-11.1777375,-15.4278125,-17.710975,-11.766512500000001
v03.0.0,RA,A2,-10.743536842105263,-17.00186842105263,-17.39912105263158,-11.298315789473685,-9.738321052631578,-10.339884210526316,-14.786499999999998,-13.76022105263158,-9.513315789473685,-12.191068421052632,-10.910347368421053,-17.23294210526316,-17.50997894736842,-11.318126315789474
v03.0.0,RA,A3,-11.0208875,-17.8751,-18.12685,-11.7142125,-10.67775,-10.8692625,-14.2788375,-13.1722875,-10.741675,-14.0164375,-11.0466625,-17.732375,-17.796125,-11.4411875
v03.0.0,RA,A4,-9.015533333333332,-19.0201,-18.23463333333333,-9.952266666666667,-9.969933333333334,-9.783233333333333,-12.425566666666667,-12.084016666666665,-7.0901,-10.6285,-9.223016666666666,-19.20788333333333,-18.245816666666666,-9.855283333333334
v03.0.0,RA,A5,-8.715475,-17.885025,-11.5289,-9.31425,-8.1964,-8.766425,-14.362475,-13.46935,-9.184750000000001,-10.885225,-9.0558,-17.538674999999998,-11.07095,-9.2643
v03.0.0,RA,B1,-8.32761,-9.98639,-11.91408,-8.58567,-8.29128,-8.70812,-11.305,-10.47731,-6.852469999999999,-7.608680000000001,-8.37993,-10.51173,-11.57628,-8.43737
v03.0.0,RA,B2,-10.870011111111111,-18.4023,-18.819033333333334,-11.670766666666667,-10.7955,-11.0489,-11.810877777777778,-10.510777777777779,-11.40598888888889,-15.591588888888888,-10.849922222222222,-17.513766666666665,-18.44778888888889,-11.747355555555556
v03.0.0,RA,E,-7.42191875,-11.763031250000001,-10.38330625,-8.00865,-6.3827375,-6.74111875,-10.4842,-9.92573125,-7.079175,-8.51811875,-7.8057187500000005,-11.65018125,-10.250975,-7.95350625
v03.0.0,RA,G1,-14.489474999999999,-30.06095,-38.58935,-16.471775,-12.16235,-12.88505,-21.162200000000002,-20.29365,-13.72255,-20.52375,-14.672,-30.378525,-38.533825,-15.811625
v03.0.0,RA,G2,-12.447428571428572,-29.060557142857142,-36.19117142857142,-14.45672857142857,-12.115085714285714,-12.32232857142857,-17.839771428571428,-16.919085714285714,-12.116071428571429,-17.5099,-12.383771428571427,-28.92525714285714,-35.92595714285714,-12.95532857142857
v03.0.0,Still,F1,-3.750025,-15.969657142857143,-18.71019642857143,-5.0712785714285715,-4.041471428571429,-3.9732821428571428,-4.693421428571428,-4.5167214285714286,-4.896132142857143,-7.180592857142857,-3.750025,-15.969657142857143,-18.71019642857143,-4.30845
v03.0.0,Still,F2,-5.311675862068966,-12.46843448275862,-12.842303448275862,-6.379041379310345,-4.6293,-5.131010344827587,-4.149724137931035,-4.121165517241379,-5.5883551724137925,-7.768834482758621,-5.311675862068966,-12.46843448275862,-12.842303448275862,-5.561534482758621
v04.0.0,AI,A1,-10.3829,-20.4518625,-23.638975,-11.821975,-7.9311625,-9.9574625,-11.21435,-10.8620625,-10.4152625,-16.368425,-10.3781375,-20.451999999999998,-23.624850000000002,-12.0792375
v04.0.0,AI,A2,-9.416168421052632,-20.878426315789476,-25.572226315789475,-10.780068421052633,-8.043873684210526,-8.99392105263158,-9.8398,-9.31511052631579,-8.519873684210527,-13.632705263157897,-9.417836842105263,-20.87438947368421,-25.578094736842107,-10.535505263157894
v04.0.0,AI,A3,-9.603225,-23.68245,-27.662712499999998,-11.1777125,-8.9940125,-9.135887499999999,-9.2560125,-8.974575,-9.5979625,-14.853225,-9.6029375,-23.6877875,-27.6737375,-10.723475
v04.0.0,AI,A4,-8.593766666666667,-27.69696666666667,-36.90558333333333,-10.657366666666666,-10.629516666666667,-8.7758,-8.03045,-7.657766666666667,-7.460533333333333,-14.340883333333332,-8.592116666666668,-27.694599999999998,-36.6751,-9.771416666666667
v04.0.0,AI,A5,-6.454325,-23.141550000000002,-21.570574999999998,-8.032875,-7.502625,-7.1034,-6.729225,-6.66535,-7.661925,-12.393425,-6.447175,-23.196350000000002,-21.624975,-7.2178
v04.0.0,AI,B1,-12.26905,-26.341469999999997,-27.50922,-13.857249999999999,-11.05326,-12.18063,-11.00507,-10.5837,-11.23795,-17.895789999999998,-12.274750000000001,-26.39705,-27.482760000000003,-13.689609999999998
v04.0.0,AI,B2,-20.38842222222222,-37.3696,-38.458422222222225,-22.249833333333335,-21.808,-22.162022222222223,-18.576644444444444,-18.369566666666667,-22.415399999999998,-31.700466666666664,-20.47521111111111,-37.55524444444445,-38.510844444444444,-22.29031111111111
v04.0.0,AI,E,-9.36353125,-22.46863125,-23.2741875,-11.18579375,-7.9323,-8.60844375,-11.2682125,-11.032293750000001,-9.77485,-13.59085625,-9.2546375,-22.52176875,-23.2041625,-10.1439875
v04.0.0,AI,G1,-11.629775,-33.557900000000004,-51.9479,-15.542774999999999,-7.943225,-10.4326,-12.000625,-11.8418,-11.40105,-23.60795,-11.636075,-33.656549999999996,-51.92345,-14.075875
v04.0.0,AI,G2,-12.37887142857143,-39.62287142857143,-45.19974285714285,-15.945514285714285,-10.882500000000002,-11.43742857142857,-12.710242857142857,-12.211128571428572,-12.445957142857143,-24.301085714285712,-12.407385714285713,-39.49578571428572,-45.157871428571426,-14.164942857142858
v04.0.0,AS,A1,-18.5176,-26.546187500000002,-28.5484875,-19.556375,-15.245437500000001,-17.6735625,-23.3052125,-22.430625,-17.8672875,-22.629425,-18.476312500000002,-26.57905,-28.6909125,-19.5829375
v04.0.0,LD,A2,-11.440021052631579,-26.121273684210525,-27.016036842105265,-12.863663157894736,-10.493368421052631,-11.015936842105262,-13.422057894736842,-12.840115789473684,-10.529815789473684,-15.804315789473684,-11.602047368421053,-26.462289473684212,-27.183294736842107,-12.642715789473684
v04.0.0,LD,A3,-11.7701125,-25.1372,-25.3421875,-13.1084875,-10.9772625,-11.0866375,-12.5293375,-11.9632875,-11.3029625,-16.5865125,-11.79875,-25.0406625,-25.078599999999998,-12.6241625
v04.0.0,LD,A4,-11.932283333333332,-28.80295,-34.64881666666667,-13.779483333333333,-13.606283333333332,-12.154366666666666,-10.269683333333333,-11.001716666666667,-10.02155,-15.849083333333333,-12.187800000000001,-29.1969,-34.560966666666666,-13.289433333333333
v04.0.0,LD,A5,-8.8216,-28.610425,-17.7438,-10.190975,-8.571325,-8.8734,-12.4093,-11.512599999999999,-9.608725,-13.0355,-9.082525,-28.147675,-17.365675,-9.7043
v04.0.0,LD,B1,-11.22532,-26.22495,-24.74234,-12.678700000000001,-11.56066,-11.975579999999999,-12.87424,-12.42308,-10.4414,-15.013919999999999,-11.10642,-27.77889,-24.32446,-12.29838
v04.0.0,LD,B2,-24.753922222222222,-34.942388888888885,-35.078355555555554,-25.851855555555556,-24.995477777777776,-25.142488888888888,-26.16803333333333,-24.795666666666666,-25.212722222222222,-30.416544444444444,-24.96318888888889,-33.714422222222225,-34.603455555555556,-26.2562
v04.0.0,RA,A1,-18.673637499999998,-27.661450000000002,-29.9355625,-19.8189125,-16.185825,-17.9864125,-24.20465,-22.8167625,-17.9451875,-23.038037499999998,-18.68995,-27.747500000000002,-30.08315,-19.920524999999998
v04.0.0,RA,A2,-16.644163157894738,-27.012452631578945,-28.824836842105267,-17.6827,-15.511231578947367,-16.365263157894738,-21.837752631578947,-20.48852105263158,-15.287384210526318,-19.62077368421053,-16.829747368421053,-27.223663157894737,-28.94954736842105,-17.567752631578948
v04.0.0,RA,A3,-18.1511,-29.809687500000003,-29.1188125,-19.3134,-17.4527625,-17.8074375,-22.355775,-20.78385,-17.467,-22.6988625,-18.1567125,-29.71705,-28.827975,-18.8590625
v04.0.0,RA,A4,-16.108983333333335,-28.544483333333332,-33.55865,-17.5127,-17.2043,-16.683899999999998,-20.099366666666665,-19.559733333333334,-14.282316666666667,-19.08435,-16.29413333333333,-28.786649999999998,-33.09383333333333,-17.139300000000002
v04.0.0,RA,A5,-14.5585,-29.161,-22.052975,-15.657824999999999,-14.3752,-14.898824999999999,-20.60575,-19.63175,-15.21405,-18.017575,-14.897649999999999,-28.902324999999998,-21.7387,-15.364425
v04.0.0,RA,B1,-14.937190000000001,-24.467779999999998,-24.23014,-15.909970000000001,-15.564689999999999,-16.08621,-19.28582,-18.25151,-13.789660000000001,-17.03047,-14.96807,-24.934,-23.44744,-15.6555
v04.0.0,RA,B2,-22.718833333333336,-34.103855555555555,-34.97793333333333,-23.97656666666667,-22.899588888888886,-23.343533333333333,-24.06957777777778,-22.662288888888888,-23.82336666666667,-30.507544444444445,-22.825688888888887,-33.346222222222224,-34.585055555555556,-24.418344444444443
v04.0.0,RA,E,-13.0524875,-21.99355625,-20.3471125,-14.2326875,-12.09385,-12.3786125,-17.9272125,-17.047375,-12.72335625,-15.812275,-13.45108125,-21.957725,-20.2266625,-13.93064375
v04.0.0,RA,G1,-20.298125,-39.247625,-49.566175,-22.755724999999998,-17.61345,-18.931449999999998,-29.328075,-27.871075,-19.515525,-27.706625000000003,-20.48995,-39.52995,-49.947775,-22.017725
v04.0.0,RA,G2,-17.08922857142857,-39.22657142857143,-45.441985714285714,-19.8017,-16.715314285714285,-17.028,-24.08932857142857,-22.859785714285714,-16.814914285714284,-24.438414285714288,-17.025414285714284,-39.47597142857143,-44.77774285714286,-18.027942857142857
v04.0.0,Still,F1,-6.256749999999999,-22.437289285714286,-25.875157142857145,-8.072521428571429,-5.366492857142857,-6.515464285714286,-6.570917857142858,-6.2464642857142865,-7.389728571428571,-10.749007142857142,-6.256749999999999,-22.437289285714286,-25.875157142857145,-7.138385714285714
v04.0.0,Still,F2,-7.797962068965517,-17.8568,-18.956024137931035,-9.227224137931033,-7.089686206896552,-7.720293103448276,-6.662544827586206,-6.582972413793104,-8.362489655172414,-11.516696551724138,-7.797962068965517,-17.8568,-18.956024137931035,-8.482693103448275
v05.0.0,AI,A1,-11.9122375,-26.649375,-28.0142375,-13.8386,-9.2013,-11.223962499999999,-13.0981625,-12.6743625,-12.07695,-19.493575,-11.9070875,-26.6544125,-27.9990125,-14.322425
v05.0.0,AI,A2,-10.815768421052631,-26.151094736842104,-29.861457894736844,-12.564626315789473,-9.171415789473684,-10.175557894736842,-11.540705263157895,-10.996652631578947,-10.011942105263158,-16.525515789473683,-10.814484210526317,-26.158273684210528,-29.86606842105263,-12.338663157894736
v05.0.0,AI,A3,-11.753675,-25.9810625,-30.1882625,-13.369575,-10.8623125,-11.1058,-11.884475,-11.69775,-11.6904,-17.1133,-11.754075,-25.983024999999998,-30.194612499999998,-12.9485
v05.0.0,AI,A4,-9.825133333333333,-33.477516666666666,-39.91585,-12.24635,-11.765866666666668,-10.018966666666666,-9.510166666666667,-9.113033333333332,-8.728116666666667,-16.54625,-9.825683333333332,-33.471716666666666,-39.7746,-11.3434
v05.0.0,AI,A5,-8.521875,-25.8431,-23.184775000000002,-10.1274,-9.356625000000001,-8.8733,-9.96965,-9.672025000000001,-9.548075,-14.666924999999999,-8.514875,-25.895375,-23.254375,-9.325175
v05.0.0,AI,B1,-14.400749999999999,-28.82002,-29.13485,-15.991470000000001,-12.59114,-13.80096,-13.435319999999999,-12.985980000000001,-13.024000000000001,-19.81336,-14.397809999999998,-28.89255,-29.11142,-15.80197
v05.0.0,AI,B2,-23.403055555555554,-41.01797777777778,-42.01915555555556,-25.376,-25.03031111111111,-25.381811111111112,-23.011766666666666,-22.351644444444446,-25.72691111111111,-34.60152222222222,-23.52728888888889,-41.25663333333333,-42.19242222222223,-25.60836666666667
v05.0.0,AI,E,-11.196675,-25.156637500000002,-25.238225,-13.107,-9.43015625,-10.16300625,-13.6835125,-13.46075625,-11.58845625,-15.65495,-11.05658125,-25.20150625,-25.18593125,-11.974668750000001
v05.0.0,AI,G1,-13.253775,-39.33975,-51.964975,-17.36065,-9.268374999999999,-11.63265,-14.086925,-13.917925,-13.024524999999999,-27.59205,-13.2596,-39.455125,-52.00415,-16.224425
v05.0.0,AI,G2,-14.628671428571428,-41.42847142857143,-46.50725714285715,-18.14987142857143,-12.728557142857143,-13.384514285714285,-15.158528571428572,-14.64882857142857,-14.494257142857142,-26.604585714285715,-14.652742857142856,-41.34177142857143,-46.47277142857143,-16.3941
v05.0.0,AS,A1,-20.8074625,-31.479225,-32.4859375,-22.09025,-17.21745,-19.697225,-26.2644625,-25.310087499999998,-20.1589125,-25.945050000000002,-20.760775,-31.494725000000003,-32.6224625,-22.179475
v05.0.0,LD,A2,-12.869557894736843,-29.870694736842104,-30.392426315789475,-14.53942105263158,-11.708594736842105,-12.3006,-14.65408947368421,-14.15663157894737,-11.924673684210527,-18.242336842105264,-13.044252631578948,-30.150457894736842,-30.51076315789474,-14.27541052631579
v05.0.0,LD,A3,-13.82325,-27.177262499999998,-27.56295,-15.165487500000001,-12.7599625,-12.880537499999999,-14.09635,-13.799125,-13.2017125,-18.7421125,-13.870525,-27.093925,-27.194125,-14.70845
v05.0.0,LD,A4,-14.729683333333334,-35.03836666666667,-38.40083333333333,-16.81715,-16.08785,-14.67725,-13.71405,-14.2665,-12.526966666666667,-19.525883333333333,-14.980766666666668,-35.443450000000006,-38.503683333333335,-16.241633333333336
v05.0.0,LD,A5,-11.332775,-31.466275000000003,-18.945975,-12.667850000000001,-11.0942,-10.89435,-13.819875,-13.181325,-11.778325,-15.398075,-11.582799999999999,-31.292,-18.62985,-12.218725
v05.0.0,LD,B1,-13.036089999999998,-30.232049999999997,-26.95114,-14.662970000000001,-12.96568,-13.503530000000001,-14.38733,-13.94866,-12.21544,-17.56281,-12.8904,-31.74949,-26.599520000000002,-14.23
v05.0.0,LD,B2,-27.313477777777777,-38.59387777777778,-38.780322222222225,-28.567344444444448,-27.500022222222224,-27.744922222222222,-28.842399999999998,-27.471988888888887,-27.9652,-33.83571111111112,-27.474744444444447,-37.5959,-38.21882222222222,-29.061799999999998
v05.0.0,RA,A1,-20.6489375,-33.070225,-34.5692875,-22.1859625,-17.918025,-19.8502625,-26.1574625,-24.77955,-19.9668875,-26.5464625,-20.683175,-33.1144125,-34.693725,-22.361137499999998
v05.0.0,RA,A2,-18.47531052631579,-31.676652631578946,-32.85987894736842,-19.780268421052632,-17.21083157894737,-18.117984210526316,-23.702305263157893,-22.412694736842106,-17.062778947368418,-22.594605263157895,-18.657615789473684,-31.845752631578947,-32.93207368421052,-19.594942105263158
v05.0.0,RA,A3,-20.3940625,-31.770274999999998,-32.340925,-21.590162499999998,-19.399625,-19.839512499999998,-24.4560375,-23.0462375,-19.5628875,-25.1175,-20.4229625,-31.6424875,-32.0152125,-21.161975
v05.0.0,RA,A4,-18.344533333333334,-35.008966666666666,-38.886266666666664,-20.09765,-19.213516666666667,-18.605583333333332,-22.09691666666667,-21.55985,-16.366766666666667,-22.329866666666664,-18.552733333333332,-35.18631666666666,-38.6654,-19.609683333333333
v05.0.0,RA,A5,-17.14145,-31.394025,-23.355375,-18.160275,-16.83285,-17.175024999999998,-23.15055,-22.078300000000002,-17.532825000000003,-20.52045,-17.49145,-31.172475,-23.200175,-17.962525
v05.0.0,RA,B1,-17.26444,-28.686899999999998,-27.19427,-18.38355,-17.50436,-18.14425,-21.42836,-20.4206,-16.015700000000002,-19.73873,-17.26633,-29.24567,-26.64037,-18.07362
v05.0.0,RA,B2,-25.308911111111108,-37.85312222222222,-38.55014444444444,-26.709311111111113,-25.715922222222222,-26.128277777777775,-26.5158,-25.226588888888887,-26.6821,-34.0851,-25.418011111111113,-37.56364444444445,-38.26786666666666,-27.339588888888887
v05.0.0,RA,E,-15.1898375,-24.70450625,-23.027075,-16.39461875,-13.95548125,-14.25643125,-19.404125,-18.6544,-14.81108125,-18.23975,-15.506025,-24.6268875,-22.88918125,-16.0522125
v05.0.0,RA,G1,-22.5185,-44.34715,-52.525175,-25.14365,-19.164324999999998,-20.9517,-31.2664,-29.796924999999998,-21.6822,-33.51865,-22.728525,-44.6573,-52.746375,-24.5102
v05.0.0,RA,G2,-19.170085714285715,-41.97795714285714,-47.46445714285714,-21.94655714285714,-18.437285714285714,-18.83142857142857,-25.897385714285715,-24.770171428571427,-18.72222857142857,-26.93332857142857,-19.025657142857142,-42.23082857142857,-46.97918571428572,-20.073685714285716
v05.0.0,Still,F1,-6.869,-24.60386785714286,-28.158971428571427,-8.882839285714287,-6.319814285714286,-7.0943178571428565,-7.692489285714286,-7.320078571428572,-8.181010714285714,-11.720146428571429,-6.869,-24.60386785714286,-28.158971428571427,-7.903075
v05.0.0,Still,F2,-8.701203448275862,-19.92338275862069,-21.15918275862069,-10.262144827586207,-7.94238275862069,-8.59591724137931,-8.055037931034482,-7.933127586206896,-9.36803103448276,-12.918210344827587,-8.701203448275862,-19.92338275862069,-21.15918275862069,-9.63985172413793
v06.0.0,AI,A1,-13.5633875,-28.234837499999998,-29.2163125,-15.4649,-11.1359625,-13.04615,-14.669062499999999,-14.297437500000001,-13.8362,-21.3872875,-13.5580125,-28.237225000000002,-29.2080875,-15.92185
v06.0.0,AI,A2,-12.71792105263158,-29.30401052631579,-32.9151947368421,-14.63092105263158,-11.150705263157896,-12.012963157894736,-13.350726315789473,-12.785742105263159,-12.623405263157894,-20.171215789473685,-12.713868421052632,-29.29812105263158,-32.91577894736842,-14.395421052631582
v06.0.0,AI,A3,-13.604750000000001,-30.642575,-34.553937499999996,-15.5186375,-12.7555,-12.971775000000001,-14.201812499999999,-13.981075,-13.633325,-20.2306,-13.6043625,-30.6389875,-34.5456,-14.955449999999999
v06.0.0,AI,A4,-11.8358,-39.980866666666664,-44.458666666666666,-14.700033333333332,-13.544550000000001,-11.943833333333332,-11.888483333333333,-11.341650000000001,-12.354316666666668,-21.488566666666667,-11.835083333333335,-39.979,-44.14908333333333,-13.593566666666668
v06.0.0,AI,A5,-9.7177,-30.210525,-25.906125000000003,-11.581800000000001,-10.6341,-10.148025,-11.495474999999999,-11.2821,-11.061074999999999,-17.335425,-9.708400000000001,-30.270850000000003,-26.007275,-10.689924999999999
v06.0.0,AI,B1,-16.68816,-33.53394,-33.70774,-18.5569,-15.21936,-16.003239999999998,-16.31449,-15.841849999999999,-16.74636,-25.347569999999997,-16.674590000000002,-33.5694,-33.66906,-18.29044
v06.0.0,AI,B2,-25.674111111111113,-43.779133333333334,-44.344633333333334,-27.76237777777778,-27.9254,-28.36451111111111,-25.835377777777776,-25.43261111111111,-28.467677777777777,-37.91297777777778,-25.754255555555556,-44.069511111111105,-44.505833333333335,-27.951755555555554
v06.0.0,AI,E,-12.608675,-29.27613125,-29.29205625,-14.92315625,-11.06261875,-11.7114875,-15.6329125,-15.491193749999999,-13.34361875,-18.14385625,-12.4577,-29.28311875,-29.1723125,-13.59621875
v06.0.0,AI,G1,-15.548075,-41.519625000000005,-53.74445,-19.6747,-11.22115,-13.883825,-16.717975000000003,-16.317999999999998,-15.099325,-30.4696,-15.5511,-41.640425,-53.774474999999995,-18.40445
v06.0.0,AI,G2,-16.60762857142857,-45.76748571428571,-52.69682857142857,-20.542742857142855,-14.824257142857144,-15.459585714285714,-17.246114285714288,-16.75602857142857,-16.632,-29.62715714285714,-16.631942857142857,-45.802099999999996,-52.666442857142854,-18.5423
v06.0.0,AS,A1,-23.69255,-34.2456375,-34.95475,-24.9849375,-19.8868,-22.5366875,-29.2950125,-28.5164875,-22.8182125,-28.8627375,-23.63075,-34.2647125,-35.107075,-25.0302125
v06.0.0,LD,A2,-14.4661,-33.40845263157895,-33.557757894736845,-16.314336842105263,-13.191463157894736,-13.698431578947368,-16.498910526315786,-15.872163157894738,-13.845589473684209,-21.772473684210528,-14.626526315789473,-33.71914210526315,-33.712315789473685,-15.970542105263156
v06.0.0,LD,A3,-15.498550000000002,-32.292362499999996,-32.6236875,-17.239275,-14.3255625,-14.4392,-16.329675,-15.9141625,-14.8959875,-21.5852,-15.5647625,-32.3284375,-32.3729875,-16.5713125
v06.0.0,LD,A4,-16.906866666666666,-40.73363333333334,-42.91921666666667,-19.3413,-17.578416666666666,-15.962816666666667,-15.045716666666666,-15.722949999999999,-16.637616666666666,-24.337366666666668,-17.13435,-41.20131666666666,-42.25845,-18.568633333333334
v06.0.0,LD,A5,-13.054975,-34.526175,-26.45025,-14.674575,-12.65285,-12.82325,-17.202175,-16.379975,-13.73285,-17.707,-13.392575,-34.818775,-26.71285,-14.1451
v06.0.0,LD,B1,-14.46791,-35.81545,-32.32675,-16.58841,-15.024700000000001,-15.14133,-15.79056,-15.453210000000002,-15.08708,-24.459780000000002,-14.219470000000001,-37.2738,-31.632240000000003,-15.896629999999998
v06.0.0,LD,B2,-32.54767777777778,-44.58052222222222,-44.76576666666667,-33.92763333333333,-33.62877777777778,-33.63505555555556,-36.025444444444446,-34.9364,-33.83632222222222,-40.897622222222225,-32.726,-43.695455555555554,-44.21262222222222,-34.426188888888895
v06.0.0,RA,A1,-23.4718375,-35.7292,-36.86665,-24.9650625,-21.143887499999998,-22.9496875,-28.8827,-27.59865,-22.7174875,-29.553075,-23.466337499999998,-35.7791375,-37.0102,-25.11385
v06.0.0,RA,A2,-20.93593157894737,-36.63934210526316,-37.2281,-22.47018947368421,-19.608184210526314,-20.473678947368423,-25.826605263157894,-24.691563157894738,-19.90472105263158,-27.196,-21.09366315789474,-36.85388421052632,-37.34394736842105,-22.17586842105263
v06.0.0,RA,A3,-22.9192875,-38.8059625,-37.648875000000004,-24.560200000000002,-22.038775,-22.4160375,-26.852,-25.6695875,-22.2067625,-28.702725,-22.9299,-38.761875,-37.38395,-23.84305
v06.0.0,RA,A4,-21.810366666666667,-42.15056666666667,-44.53746666666667,-23.89616666666667,-22.136133333333333,-21.526533333333333,-25.331433333333333,-24.74045,-21.59313333333333,-28.53205,-21.97355,-42.483216666666664,-44.04855,-23.146133333333335
v06.0.0,RA,A5,-20.2877,-34.839425000000006,-29.38825,-21.45625,-20.064075,-20.581825000000002,-26.3752,-25.53105,-20.916725,-24.048325,-20.6462,-34.9741,-29.36395,-21.178350000000002
v06.0.0,RA,B1,-19.44462,-35.15793,-32.61974,-21.0121,-20.4923,-20.71104,-23.855539999999998,-22.93126,-19.647669999999998,-27.29026,-19.302100000000003,-35.52867,-31.80294,-20.36375
v06.0.0,RA,B2,-29.700444444444447,-42.93792222222223,-43.6149,-31.231666666666666,-30.81868888888889,-31.117655555555555,-32.195766666666664,-31.292888888888893,-31.631344444444444,-39.73994444444444,-29.69204444444445,-42.61187777777778,-43.43271111111111,-31.73496666666667
v06.0.0,RA,E,-17.67075625,-30.84894375,-29.034875,-19.3642625,-16.75349375,-16.777075,-22.41861875,-21.66463125,-17.493025,-22.28856875,-17.914375,-30.76178125,-28.9621,-18.73540625
v06.0.0,RA,G1,-26.231524999999998,-49.63955,-56.413725,-28.879649999999998,-23.4037,-24.483124999999998,-34.325175,-32.917,-25.143375,-38.317125000000004,-26.4052,-50.0681,-56.894675,-28.2469
v06.0.0,RA,G2,-21.891157142857143,-45.7334,-52.18057142857143,-24.855414285714286,-21.051442857142856,-21.4978,-28.723185714285712,-27.670914285714282,-21.448757142857144,-30.492900000000002,-21.708042857142857,-45.620285714285714,-51.40472857142857,-22.86598571428571
v06.0.0,Still,F1,-8.01235,-26.74432857142857,-30.122514285714285,-10.145603571428571,-7.536878571428572,-8.544414285714286,-9.111121428571428,-8.827342857142858,-9.747964285714286,-13.234482142857143,-8.01235,-26.74432857142857,-30.122514285714285,-9.109289285714286
v06.0.0,Still,F2,-9.688772413793103,-22.593241379310342,-23.520758620689655,-11.494444827586207,-9.247962068965517,-9.822106896551723,-9.262944827586207,-9.085596551724139,-10.783662068965517,-14.781796551724138,-9.688772413793103,-22.593241379310342,-23.520758620689655,-10.824265517241379
v07.0.0,AI,A1,-14.5113125,-30.982825,-31.026787499999998,-16.625175,-11.8687375,-13.9072,-16.1250375,-15.6791125,-14.822375,-23.06655,-14.505375,-30.988950000000003,-31.0125375,-17.042012500000002
v07.0.0,AI,A2,-13.52891052631579,-32.11194736842105,-34.39148947368421,-15.611078947368421,-11.745705263157895,-12.685505263157895,-14.455115789473684,-13.902705263157893,-13.408900000000001,-21.661794736842104,-13.526036842105265,-32.096057894736845,-34.37778947368421,-15.359042105263157
v07.0.0,AI,A3,-14.420925,-34.037125,-36.422537500000004,-16.57115,-13.48495,-13.743500000000001,-15.2702625,-15.0438125,-14.4671,-21.7830375,-14.4203875,-34.0333375,-36.3998625,-15.889062500000001
v07.0.0,AI,A4,-12.605183333333335,-43.72946666666667,-45.27473333333333,-15.720333333333334,-14.278016666666666,-12.564983333333332,-12.533383333333333,-12.048733333333333,-13.07575,-23.323666666666668,-12.6031,-43.73583333333334,-45.06315,-14.535866666666665
v07.0.0,AI,A5,-10.779775,-32.782575,-26.1691,-12.715724999999999,-11.7943,-11.286975,-12.8321,-12.730625,-12.147975,-19.264775,-10.7722,-32.7946,-26.235875,-11.79675
v07.0.0,AI,B1,-17.66674,-36.8858,-36.46587,-19.78743,-16.095769999999998,-16.9499,-17.54853,-17.06248,-17.81227,-27.47565,-17.65189,-36.92362,-36.417680000000004,-19.410310000000003
v07.0.0,AI,B2,-27.499,-44.760577777777776,-45.82606666666666,-29.550622222222223,-30.030677777777775,-30.42553333333333,-26.942666666666668,-26.789055555555553,-30.40122222222222,-39.11553333333333,-27.58821111111111,-45.00947777777778,-45.978300000000004,-29.740755555555552
v07.0.0,AI,E,-13.54416875,-30.47991875,-29.6409875,-15.8348625,-11.91038125,-12.59140625,-16.96011875,-16.8250375,-14.27863125,-19.25936875,-13.38841875,-30.500625,-29.559437499999998,-14.53659375
v07.0.0,AI,G1,-16.43205,-42.96335,-52.923325,-20.253800000000002,-12.193225,-14.774225000000001,-18.1557,-17.7258,-16.008699999999997,-31.710675000000002,-16.4343,-43.0796,-52.992824999999996,-19.3097
v07.0.0,AI,G2,-17.4895,-45.747171428571434,-48.50915714285714,-20.991185714285713,-15.453114285714287,-16.213785714285713,-18.381471428571427,-17.885571428571428,-17.425542857142858,-30.241185714285717,-17.51895714285714,-45.73767142857143,-48.468985714285715,-19.461942857142855
v07.0.0,AS,A1,-24.884275,-36.4643875,-36.2661625,-26.260125000000002,-20.87675,-23.585425,-30.0126875,-29.174712500000002,-23.9329125,-30.53785,-24.8281875,-36.494412499999996,-36.42845,-26.2817
v07.0.0,LD,A2,-15.62328947368421,-36.379063157894734,-36.73836315789474,-17.695542105263158,-14.515600000000001,-14.89123157894737,-18.231921052631577,-17.57304210526316,-15.198242105263157,-23.55778947368421,-15.812110526315788,-36.70728421052632,-36.899378947368426,-17.291347368421054
v07.0.0,LD,A3,-17.0359625,-35.484875,-35.3039375,-18.9858125,-15.8270875,-15.9738875,-18.0236625,-17.6867375,-16.5144375,-23.576,-17.1060375,-35.5539375,-35.128,-18.1743375
v07.0.0,LD,A4,-18.084816666666665,-43.45238333333333,-45.165616666666665,-20.671733333333332,-18.814433333333334,-17.419883333333335,-16.802016666666667,-17.4478,-17.9633,-26.0354,-18.332666666666665,-43.94481666666667,-44.68231666666667,-19.83823333333333
v07.0.0,LD,A5,-14.459299999999999,-36.80055,-26.790725000000002,-16.0908,-14.06925,-14.347100000000001,-19.047425,-18.193375,-15.3069,-20.05525,-14.805,-37.1705,-27.1879,-15.5753
v07.0.0,LD,B1,-15.987829999999999,-40.21009,-36.20709,-18.43475,-16.652070000000002,-16.75018,-18.065649999999998,-17.62646,-16.85463,-27.022879999999997,-15.678450000000002,-41.085480000000004,-35.21629,-17.63319
v07.0.0,LD,B2,-34.275711111111114,-45.849333333333334,-46.45614444444445,-35.63976666666667,-35.58367777777778,-35.64891111111111,-37.26312222222222,-36.28082222222222,-35.659755555555556,-41.26288888888889,-34.427055555555555,-44.98402222222222,-45.8924,-36.0977
v07.0.0,RA,A1,-24.3060875,-38.61405,-38.932325,-26.043175,-22.0374375,-23.755225,-29.82715,-28.5355625,-23.7018,-31.36025,-24.313200000000002,-38.6820875,-39.068,-26.1520625
v07.0.0,RA,A2,-21.754915789473685,-39.879400000000004,-40.608115789473686,-23.580642105263156,-20.449215789473683,-21.30986315789474,-26.80935789473684,-25.677373684210526,-20.86796842105263,-28.900147368421052,-21.92241052631579,-40.09134210526316,-40.744242105263154,-23.168315789473684
v07.0.0,RA,A3,-23.9795,-42.707625,-42.089012499999995,-26.08015,-23.103525,-23.5118625,-27.803425,-26.741400000000002,-23.390225,-30.707250000000002,-23.990125,-42.752575,-41.9109625,-25.03575
v07.0.0,RA,A4,-22.686966666666667,-45.32411666666667,-46.79683333333333,-24.975283333333334,-22.97095,-22.48098333333333,-26.355266666666665,-25.8747,-22.56335,-30.1814,-22.852616666666666,-45.6239,-46.46691666666667,-24.113966666666666
v07.0.0,RA,A5,-21.402524999999997,-37.237225,-30.8024,-22.654925,-21.24425,-21.872125,-27.131500000000003,-26.44935,-22.143575,-26.05805,-21.7851,-37.446725,-30.920375,-22.340425
v07.0.0,RA,B1,-20.80399,-40.599869999999996,-37.94366,-22.86567,-21.856559999999998,-22.14927,-25.51156,-24.54745,-21.32891,-30.3214,-20.58448,-40.881870000000006,-36.84731,-21.99775
v07.0.0,RA,B2,-31.317844444444443,-44.443777777777775,-45.423144444444446,-32.86528888888889,-32.78007777777778,-33.07622222222222,-33.429,-32.70594444444444,-33.496877777777776,-40.92053333333334,-31.27861111111111,-44.15372222222223,-45.24874444444444,-33.31451111111111
v07.0.0,RA,E,-18.65264375,-35.9335375,-33.1242,-20.78135,-17.721362499999998,-17.69475,-23.79250625,-22.987356249999998,-18.6466875,-24.41679375,-18.897637500000002,-35.7905,-33.15043125,-19.89799375
v07.0.0,RA,G1,-27.093225,-53.943599999999996,-58.60555,-29.967275,-24.380274999999997,-25.387475000000002,-35.321250000000006,-33.941175,-26.18995,-40.730850000000004,-27.27215,-54.4352,-58.989375,-29.331175
v07.0.0,RA,G2,-22.983371428571427,-48.50067142857143,-53.28921428571429,-26.106928571428572,-22.211457142857142,-22.644357142857142,-29.753628571428575,-28.779300000000003,-22.81194285714286,-32.67592857142857,-22.757571428571428,-48.863414285714285,-52.880100000000006,-24.210128571428573
v07.0.0,Still,F1,-8.094560714285715,-27.944185714285712,-31.497625,-10.37425,-7.658639285714286,-8.695964285714286,-9.406521428571429,-9.162103571428572,-9.946939285714285,-13.71445,-8.094560714285715,-27.944185714285712,-31.497625,-9.303175
v07.0.0,Still,F2,-10.142800000000001,-23.775175862068966,-24.619382758620688,-12.020175862068966,-9.735362068965516,-10.348827586206896,-9.865858620689654,-9.765389655172415,-11.375579310344827,-15.696703448275862,-10.142800000000001,-23.775175862068966,-24.619382758620688,-11.35951724137931
v08.0.0,AI,A1,-15.0913125,-31.669249999999998,-31.823825,-17.231637499999998,-12.1929125,-14.3932625,-16.6217125,-16.2038125,-15.393625,-23.716450000000002,-15.0856,-31.6750125,-31.8082,-17.65725
v08.0.0,AI,A2,-14.087031578947368,-33.13672105263158,-35.3038,-16.229494736842106,-12.268468421052631,-13.232315789473683,-15.088647368421054,-14.561184210526317,-13.985847368421052,-22.46641052631579,-14.082668421052631,-33.12015263157895,-35.297610526315786,-15.962636842105264
v08.0.0,AI,A3,-15.724525,-35.26455,-37.94395,-17.8905875,-14.836925,-15.1125375,-16.4741625,-16.35555,-15.8032125,-23.2610625,-15.724162499999998,-35.260275,-37.938575,-17.19685
v08.0.0,AI,A4,-13.445100000000002,-45.80695,-46.36279999999999,-16.659983333333333,-15.214350000000001,-13.370166666666668,-13.258866666666668,-12.803133333333333,-13.949883333333332,-24.69543333333333,-13.441866666666668,-45.81828333333333,-46.23905,-15.491916666666668
v08.0.0,AI,A5,-11.522675,-33.61995,-26.239375,-13.441500000000001,-12.627675,-12.12505,-13.595375,-13.477975,-12.857199999999999,-19.963124999999998,-11.512825,-33.605175,-26.29855,-12.5094
v08.0.0,AI,B1,-19.12676,-38.838319999999996,-38.4604,-21.32224,-17.478720000000003,-18.37001,-18.85839,-18.45252,-19.31182,-29.07721,-19.09938,-38.87303,-38.39757,-20.9401
v08.0.0,AI,B2,-34.164366666666666,-50.555055555555555,-51.36617777777778,-36.07688888888889,-36.851888888888894,-37.294922222222226,-34.26162222222222,-33.803622222222224,-37.11675555555556,-45.39322222222222,-34.26347777777777,-50.87301111111111,-51.556866666666664,-36.219788888888885
v08.0.0,AI,E,-14.279925,-31.2384375,-30.24351875,-16.555975,-12.48259375,-13.2355375,-17.784925,-17.61,-14.94880625,-19.95191875,-14.13105625,-31.2717,-30.1509625,-15.27078125
v08.0.0,AI,G1,-16.4848,-43.259525,-52.812825000000004,-20.30425,-11.9673,-14.721125,-17.852025,-17.468325,-16.052799999999998,-31.767725,-16.48815,-43.3826,-52.841300000000004,-19.3881
v08.0.0,AI,G2,-17.89485714285714,-45.941385714285715,-49.286671428571424,-21.4178,-15.754828571428572,-16.54332857142857,-18.690914285714285,-18.227914285714284,-17.800842857142857,-30.550285714285714,-17.925485714285713,-45.95045714285714,-49.23894285714285,-19.898742857142857
v08.0.0,AS,A1,-25.6955375,-37.4219375,-37.197025,-27.08715,-21.7573,-24.46685,-30.8006375,-30.001212499999998,-24.7795625,-31.496850000000002,-25.6404125,-37.46735,-37.3512125,-27.1144125
v08.0.0,LD,A2,-16.3369,-36.78863157894737,-37.1632052631579,-18.379915789473685,-15.152684210526317,-15.600263157894735,-18.437273684210528,-17.861147368421054,-15.879763157894738,-24.0402,-16.530826315789472,-37.09143157894737,-37.30063157894737,-17.97511052631579
v08.0.0,LD,A3,-17.651575,-36.0742125,-36.04885,-19.6064125,-16.506175,-16.667025,-18.4827375,-18.1329875,-17.1223875,-24.235300000000002,-17.7264125,-36.146100000000004,-35.9001125,-18.7956875
v08.0.0,LD,A4,-18.62575,-44.282900000000005,-45.155300000000004,-21.22883333333333,-19.304733333333335,-17.910349999999998,-16.997583333333335,-17.641333333333332,-18.6388,-26.86985,-18.87025,-44.693000000000005,-44.84591666666666,-20.376216666666664
v08.0.0,LD,A5,-15.477875000000001,-36.217675,-27.59765,-17.010025,-15.1143,-15.23935,-19.926775,-19.097725,-16.20515,-20.705725,-15.8539,-36.464175,-27.89115,-16.568925
v08.0.0,LD,B1,-17.01422,-40.946600000000004,-37.51853,-19.46156,-17.70568,-17.90191,-18.584600000000002,-18.25533,-17.95942,-28.04554,-16.69394,-41.88615,-36.568740000000005,-18.66799
v08.0.0,LD,B2,-37.64626666666666,-48.68577777777778,-48.85457777777778,-38.90558888888889,-38.90372222222223,-38.9502,-40.21418888888889,-39.41227777777778,-38.91191111111111,-44.5497,-37.78096666666667,-47.827777777777776,-48.303711111111106,-39.31316666666666
v08.0.0,RA,A1,-24.9175625,-39.39215,-39.8894375,-26.689025,-22.3658875,-24.3069125,-29.758425,-28.5933125,-24.274375,-32.0836375,-24.9271875,-39.4530875,-40.02875,-26.801375
v08.0.0,RA,A2,-22.545115789473684,-40.87823157894737,-41.32791052631579,-24.383257894736843,-21.207447368421054,-22.087447368421053,-27.364484210526317,-26.28966842105263,-21.6638,-29.769831578947368,-22.72248947368421,-41.06975263157894,-41.44273684210526,-23.9705
v08.0.0,RA,A3,-24.910474999999998,-43.2295125,-42.346575,-26.9208625,-24.0378,-24.49,-28.74755,-27.647000000000002,-24.2686625,-31.49425,-24.9193625,-43.263725,-42.2240125,-25.945812500000002
v08.0.0,RA,A4,-23.529899999999998,-46.61595,-47.59766666666667,-25.852783333333335,-23.770116666666667,-23.272216666666665,-26.970833333333335,-26.499716666666668,-23.462116666666663,-31.24905,-23.7056,-46.93783333333334,-47.19926666666667,-24.9863
v08.0.0,RA,A5,-22.737625,-38.789725000000004,-31.352574999999998,-23.964375,-22.467075,-22.931275,-28.78615,-27.913175000000003,-23.36645,-27.3848,-23.139049999999997,-39.0879,-31.506475,-23.6748
v08.0.0,RA,B1,-22.02443,-41.61855,-39.62571,-24.10104,-23.08153,-23.43645,-26.43252,-25.53768,-22.59037,-31.568939999999998,-21.80805,-41.89193,-38.5908,-23.23453
v08.0.0,RA,B2,-36.201033333333335,-48.325488888888884,-48.98627777777778,-37.606433333333335,-37.69765555555555,-38.00991111111111,-38.00132222222223,-37.39454444444445,-38.21904444444445,-45.16674444444445,-36.16386666666667,-48.05257777777778,-48.90648888888889,-37.98771111111111
v08.0.0,RA,E,-19.58428125,-36.10723125,-34.076225,-21.64455,-18.554356249999998,-18.6585625,-24.2997125,-23.5759875,-19.49865625,-25.0146375,-19.85310625,-35.97795,-34.09599375,-20.8122875
v08.0.0,RA,G1,-27.413375000000002,-54.363749999999996,-58.30825,-30.276175000000002,-24.4954,-25.649324999999997,-35.0477,-33.647800000000004,-26.50045,-40.2334,-27.610625,-54.849275,-58.655125,-29.655725
v08.0.0,RA,G2,-23.50472857142857,-49.42067142857143,-53.8762,-26.68965714285714,-22.691300000000002,-23.155442857142855,-29.579385714285714,-28.673085714285715,-23.335014285714287,-33.178285714285714,-23.29792857142857,-49.6957,-53.56991428571428,-24.781200000000002
v08.0.0,Still,F1,-8.388407142857144,-28.257728571428572,-32.03024642857143,-10.685110714285715,-7.708460714285714,-8.840271428571429,-10.224428571428572,-9.855139285714285,-10.173146428571428,-13.941546428571428,-8.388407142857144,-28.257728571428572,-32.03024642857143,-9.603042857142857
v08.0.0,Still,F2,-10.786344827586205,-24.831972413793103,-25.669606896551723,-12.697655172413793,-10.417975862068966,-11.039858620689655,-10.815934482758621,-10.666965517241378,-12.052875862068964,-16.341558620689657,-10.786344827586205,-24.831972413793103,-25.669606896551723,-12.029075862068966
v09.0.0,AI,A1,-17.6039375,-31.370175,-31.852,-19.35505,-15.2593625,-16.7913875,-19.5608875,-19.1221,-17.78515,-24.584575,-17.6005125,-31.3737625,-31.8391375,-19.717425
v09.0.0,AI,A2,-16.329957894736843,-33.536642105263155,-35.7842,-18.266184210526315,-15.024263157894737,-15.487373684210528,-18.026347368421053,-17.62892105263158,-16.429552631578947,-23.78318947368421,-16.322636842105265,-33.53556842105263,-35.77663157894737,-17.943594736842105
v09.0.0,AI,A3,-17.7568875,-35.063625,-37.728575,-19.6582375,-16.774175,-16.952775,-19.2512875,-19.08605,-17.8751625,-24.3361875,-17.75685,-35.0582875,-37.713924999999996,-18.998775
v09.0.0,AI,A4,-14.945916666666667,-46.480399999999996,-47.1762,-18.093516666666666,-16.0479,-14.742116666666668,-15.729966666666668,-15.494399999999999,-16.062866666666668,-25.910916666666665,-14.945266666666667,-46.46621666666667,-46.965650000000004,-16.902383333333333
v09.0.0,AI,A5,-12.995275000000001,-32.308825,-24.711524999999998,-14.599924999999999,-13.668825,-13.745000000000001,-16.385275,-16.2548,-14.613975,-20.675,-12.98625,-32.3245,-24.782175,-13.79415
v09.0.0,AI,B1,-20.20718,-38.34029,-37.9371,-22.20768,-19.1402,-19.62228,-21.11729,-20.72398,-20.77937,-29.770320000000005,-20.15926,-38.37024,-37.88169,-21.76516
v09.0.0,AI,B2,-36.405255555555556,-51.53562222222222,-52.2268,-38.14191111111111,-38.83614444444444,-39.208188888888884,-34.15127777777778,-34.29216666666667,-39.03617777777778,-46.61694444444444,-36.53783333333334,-51.88768888888889,-52.60225555555556,-38.39767777777777
v09.0.0,AI,E,-15.962375,-31.1011625,-30.2271875,-18.036425,-15.163874999999999,-15.21680625,-20.081768750000002,-19.99224375,-17.300775,-20.9316625,-16.008725,-31.1432625,-30.1347875,-16.89219375
v09.0.0,AI,G1,-18.544525,-42.4126,-41.319900000000004,-22.429075,-15.012374999999999,-16.743675,-21.1736,-20.869349999999997,-18.257725,-33.1972,-18.554925,-42.53965,-41.420775,-21.2609
v09.0.0,AI,G2,-19.778699999999997,-46.852314285714286,-51.333285714285715,-23.451442857142858,-18.162457142857143,-18.64154285714286,-20.832842857142857,-20.52407142857143,-19.960685714285717,-32.48641428571428,-19.804685714285714,-46.884428571428565,-51.32942857142858,-21.577157142857143
v09.0.0,AS,A1,-27.9174375,-37.4257,-37.2961,-29.0619125,-23.9415375,-26.0714625,-32.0486375,-31.303124999999998,-26.9149,-32.473237499999996,-27.9728125,-37.5478625,-37.5383625,-29.2123625
v09.0.0,LD,A2,-18.608273684210527,-36.09057894736842,-36.23173684210526,-20.333442105263156,-17.447715789473683,-17.536515789473686,-21.312736842105263,-20.724084210526318,-18.3228,-24.830957894736844,-19.075142105263158,-36.6327,-36.59555789473684,-20.27973157894737
v09.0.0,LD,A3,-19.4850875,-35.8361625,-35.7184625,-21.2189875,-18.152025000000002,-18.2569625,-20.613275,-20.144675,-19.2095,-24.9126,-19.5567875,-35.987449999999995,-35.671275,-20.4428375
v09.0.0,LD,A4,-21.142566666666667,-44.03873333333333,-44.963249999999995,-23.45981666666667,-20.363383333333335,-19.572533333333332,-20.916633333333333,-21.524216666666664,-21.251433333333335,-28.030366666666666,-21.658533333333335,-44.653600000000004,-44.955000000000005,-22.978183333333334
v09.0.0,LD,A5,-18.336575,-36.6308,-26.379575,-19.544175,-17.3704,-17.96275,-23.002725,-22.079025,-19.138775,-22.164949999999997,-18.792875000000002,-36.4916,-26.706875,-19.342925
v09.0.0,LD,B1,-18.596809999999998,-41.1441,-36.80186,-20.84155,-18.72143,-18.67854,-21.22859,-20.76035,-19.60801,-28.39418,-18.73981,-42.5203,-36.38229,-20.62933
v09.0.0,LD,B2,-39.227833333333336,-49.79341111111111,-49.709044444444444,-40.42644444444445,-41.06371111111111,-41.014577777777774,-42.61907777777778,-41.68875555555556,-41.109522222222225,-45.72316666666667,-39.474599999999995,-49.10847777777778,-49.31386666666666,-40.9376
v09.0.0,RA,A1,-27.0313125,-38.8094625,-39.5493875,-28.4578875,-25.1427,-26.09465,-32.1317125,-30.9295875,-26.456975,-32.452125,-27.1612875,-38.9569875,-39.7730625,-28.707337499999998
v09.0.0,RA,A2,-24.858842105263157,-40.39473157894737,-40.99456315789474,-26.394452631578947,-23.481900000000003,-24.052473684210526,-30.037557894736846,-29.02745263157895,-24.187715789473685,-30.639415789473684,-25.23336842105263,-40.74697894736842,-41.23225789473685,-26.26265263157895
v09.0.0,RA,A3,-26.712087500000003,-43.0934375,-42.1294125,-28.4967625,-25.6863875,-26.0306875,-30.409675,-29.3253375,-26.28665,-32.3437875,-26.7018375,-43.20895,-42.0916625,-27.5627375
v09.0.0,RA,A4,-25.578333333333333,-47.2272,-47.1729,-27.70775,-24.757483333333337,-24.84691666666667,-29.968333333333334,-29.593999999999998,-25.754649999999998,-32.40623333333333,-25.971516666666663,-47.7061,-47.30618333333334,-27.1364
v09.0.0,RA,A5,-25.616675,-37.284375,-29.023125,-26.3471,-25.111125,-25.963325,-31.679275,-30.9554,-26.356625,-28.551975,-26.10865,-37.414525,-29.096275,-26.449175
v09.0.0,RA,B1,-24.07172,-41.99049,-39.265409999999996,-25.92091,-24.62357,-24.768,-28.9654,-28.045659999999998,-24.7847,-32.323879999999996,-24.31292,-42.80066,-38.719730000000006,-25.666559999999997
v09.0.0,RA,B2,-37.84918888888889,-49.22304444444444,-49.80707777777778,-39.16441111111111,-39.77031111111111,-39.98547777777778,-40.44758888888889,-39.64794444444445,-40.27535555555556,-46.4643,-37.931688888888885,-48.95511111111111,-49.601422222222226,-39.62374444444444
v09.0.0,RA,E,-21.395175000000002,-36.27554375,-34.69881875,-23.31210625,-20.57531875,-20.42140625,-26.29011875,-25.544843750000002,-21.4815,-26.1666875,-21.78215,-36.36941875,-34.93595625,-22.63343125
v09.0.0,RA,G1,-30.6348,-53.675275,-59.111425,-33.2208,-28.382275,-28.6791,-38.399175,-36.995725,-29.67425,-42.3169,-31.128925000000002,-54.2912,-59.6228,-32.953175
v09.0.0,RA,G2,-26.169642857142858,-49.5109,-55.35171428571429,-29.1244,-25.091471428571428,-25.453714285714288,-32.37625714285714,-31.519485714285715,-26.123557142857145,-34.44931428571429,-26.22048571428571,-50.309871428571434,-55.49171428571429,-27.544085714285718
v09.0.0,Still,F1,-11.248239285714286,-27.62360357142857,-31.429139285714285,-13.160557142857142,-11.428485714285713,-11.831835714285715,-14.312264285714287,-13.831603571428571,-13.104767857142857,-15.804753571428572,-11.248239285714286,-27.62360357142857,-31.429139285714285,-12.176564285714287
v09.0.0,Still,F2,-12.498165517241379,-24.871431034482757,-25.554855172413795,-14.257296551724137,-12.945886206896551,-13.168593103448277,-14.114755172413792,-14.06403448275862,-14.313589655172413,-17.466889655172416,-12.498165517241379,-24.871431034482757,-25.554855172413795,-13.485920689655172
v10.0.0,AI,A1,-18.077725,-30.395575,-30.7165625,-19.610174999999998,-15.258312499999999,-17.0791625,-22.3293,-21.2859625,-17.986575000000002,-23.9994625,-18.073375,-30.3982,-30.709587499999998,-19.9849125
v10.0.0,AI,A2,-16.626631578947368,-32.55808947368421,-34.906205263157894,-18.400726315789473,-15.017715789473684,-15.470410526315789,-20.049415789473684,-19.160884210526316,-16.346899999999998,-23.478878947368422,-16.621836842105264,-32.55013684210526,-34.90124736842105,-18.116142105263158
v10.0.0,AI,A3,-18.538675,-33.6878625,-36.8288875,-20.242225,-17.1525125,-17.3283625,-22.0200875,-20.9444625,-18.2164125,-24.15365,-18.538025,-33.678625,-36.8200625,-19.644637499999998
v10.0.0,AI,A4,-15.225733333333332,-45.55245,-45.33731666666667,-18.206683333333334,-16.075883333333334,-14.622233333333334,-18.122883333333334,-17.05796666666667,-15.811583333333333,-25.51438333333333,-15.224333333333334,-45.534349999999996,-45.162349999999996,-17.032733333333333
v10.0.0,AI,A5,-13.545375,-31.980225,-23.195475000000002,-15.0572,-13.6073,-13.76685,-18.935925,-17.94425,-14.85805,-20.6557,-13.53545,-32.01515,-23.235425,-14.2655
v10.0.0,AI,B1,-20.978640000000002,-37.187799999999996,-37.26852,-22.794249999999998,-19.42654,-19.99044,-23.578139999999998,-22.53342,-21.05104,-29.7879,-20.928440000000002,-37.222030000000004,-37.20969,-22.37255
v10.0.0,AI,B2,-38.63914444444444,-55.22651111111111,-55.77293333333333,-40.54526666666666,-38.92112222222222,-39.99441111111111,-37.82506666666667,-36.653933333333335,-39.632422222222225,-49.47564444444444,-38.892700000000005,-55.090944444444446,-55.55553333333333,-40.859177777777774
v10.0.0,AI,E,-16.58175,-30.0030875,-29.3303875,-18.3909625,-15.6057625,-15.61580625,-22.38529375,-21.7031,-17.602375,-20.8779,-16.64920625,-30.0464875,-29.25845,-17.3976625
v10.0.0,AI,G1,-18.567425,-41.345875,-40.595299999999995,-22.3357,-15.08705,-16.7162,-22.549075000000002,-22.090925,-18.275025,-32.83905,-18.58,-41.45845,-40.645125,-21.251
v10.0.0,AI,G2,-20.089614285714283,-42.93658571428572,-49.26215714285714,-23.404842857142857,-18.33922857142857,-18.7685,-22.185642857142856,-21.46392857142857,-20.0172,-31.586028571428574,-20.117014285714284,-42.93174285714286,-49.1653,-21.679657142857142
v10.0.0,AS,A1,-29.2566375,-37.9651625,-37.762100000000004,-30.300137499999998,-24.5887,-27.1524125,-35.1503875,-34.3982,-28.034225,-33.5868625,-29.309025,-38.099525,-38.0356875,-30.49505
v10.0.0,LD,A2,-19.43502105263158,-35.76514210526316,-36.414347368421055,-21.053094736842105,-17.707321052631578,-17.913684210526316,-22.45502631578947,-21.90834210526316,-18.73706842105263,-25.4087,-19.8797,-36.30022631578947,-36.77706842105263,-21.003194736842104
v10.0.0,LD,A3,-20.534125,-35.677675,-35.78915,-22.1386125,-18.87655,-19.022125,-21.4359375,-21.064025,-19.768987499999998,-25.8279,-20.5974,-35.824825,-35.7941875,-21.4209375
v10.0.0,LD,A4,-21.7205,-43.513466666666666,-45.53545,-23.94535,-21.0694,-20.030733333333334,-20.689600000000002,-21.768116666666668,-21.601916666666668,-28.635583333333333,-22.21398333333333,-44.17615,-45.28471666666667,-23.458883333333333
v10.0.0,LD,A5,-18.828400000000002,-35.430175000000006,-28.104975,-20.02925,-17.427475,-18.2563,-24.883175,-23.9669,-19.281425,-22.98045,-19.20665,-35.696225,-28.399425,-19.7554
v10.0.0,LD,B1,-19.80906,-40.62137,-36.91245,-21.88288,-19.16434,-19.37326,-22.19178,-21.806990000000003,-20.23934,-29.0082,-19.96033,-42.01333,-36.557069999999996,-21.70258
v10.0.0,LD,B2,-38.41506666666667,-49.78636666666667,-49.73343333333333,-39.705711111111114,-39.78236666666667,-39.75282222222222,-41.45288888888889,-40.22864444444444,-39.880988888888886,-45.75017777777778,-38.575355555555554,-48.85183333333333,-49.00655555555556,-40.09358888888889
v10.0.0,RA,A1,-28.1712,-39.24225,-39.8572,-29.496175,-25.6395625,-27.0246875,-34.2831,-33.050075,-27.3570125,-33.265950000000004,-28.2981,-39.404725,-40.1011,-29.753
v10.0.0,RA,A2,-25.952184210526315,-40.380842105263156,-41.36734210526316,-27.381326315789476,-24.1799,-24.82847894736842,-31.782042105263155,-30.647136842105265,-24.934615789473686,-31.411257894736842,-26.325715789473684,-40.71994736842105,-41.62269473684211,-27.28821052631579
v10.0.0,RA,A3,-27.8457375,-43.077600000000004,-41.9683625,-29.48695,-26.4908625,-26.8517,-31.9222625,-30.6823,-27.00595,-33.0057375,-27.8386625,-43.1807625,-41.9179625,-28.6261125
v10.0.0,RA,A4,-26.82785,-47.32101666666667,-48.098800000000004,-28.8653,-25.651216666666667,-25.4712,-31.432316666666665,-31.0681,-26.513283333333334,-33.27511666666667,-27.20515,-47.83835,-47.81151666666667,-28.254166666666666
v10.0.0,RA,A5,-26.769975,-37.22705,-30.82525,-27.472974999999998,-25.801925,-26.629974999999998,-33.96145,-33.0188,-26.97345,-29.73205,-27.2129,-37.4136,-30.9347,-27.533974999999998
v10.0.0,RA,B1,-25.49493,-42.58039,-40.36215,-27.271480000000004,-25.45388,-25.78444,-30.780549999999998,-29.747449999999997,-25.74384,-33.35183,-25.72862,-43.314530000000005,-39.789280000000005,-27.015229999999995
v10.0.0,RA,B2,-38.00222222222222,-49.97698888888889,-50.6365,-39.386488888888884,-39.19473333333334,-39.505766666666666,-40.94286666666667,-39.738788888888884,-39.896499999999996,-47.011211111111116,-37.989133333333335,-49.610533333333336,-50.28937777777778,-39.73244444444444
v10.0.0,RA,E,-22.80508125,-36.99235,-35.41664375,-24.645475,-21.436225,-21.46965,-28.32465625,-27.30920625,-22.566074999999998,-27.449112500000002,-23.25393125,-37.06298125,-35.65255625,-24.07016875
v10.0.0,RA,G1,-31.573725,-54.637325,-60.792075,-34.216674999999995,-29.056475,-29.476575,-41.626400000000004,-40.011875,-30.603949999999998,-43.28955,-32.0802,-55.253475,-61.1672,-33.885425
v10.0.0,RA,G2,-27.14942857142857,-48.85367142857143,-55.05208571428572,-29.942385714285713,-25.871757142857145,-26.298742857142855,-33.58315714285714,-32.551114285714284,-26.87495714285714,-35.03698571428571,-27.189814285714284,-49.69824285714286,-55.134542857142854,-28.434185714285714
v10.0.0,Still,F1,-11.748724999999999,-27.550239285714287,-31.169035714285712,-13.585453571428571,-11.215935714285715,-12.070267857142857,-15.481553571428572,-14.577964285714286,-13.241260714285714,-16.100075,-11.748724999999999,-27.550239285714287,-31.169035714285712,-12.63817857142857
v10.0.0,Still,F2,-12.697851724137932,-24.65855517241379,-25.613755172413793,-14.437158620689654,-12.958468965517241,-13.214234482758622,-15.169410344827586,-14.622827586206897,-14.231386206896552,-17.339479310344828,-12.697851724137932,-24.65855517241379,-25.613755172413793,-13.662510344827586
v11.0.0,AI,A1,-17.9298625,-31.711887500000003,-32.0573375,-19.6835875,-15.1185625,-16.927925,-21.653275,-20.7882625,-17.9713875,-25.3050875,-17.925675,-31.715587499999998,-32.0449875,-20.0480625
v11.0.0,AI,A2,-16.54988947368421,-32.70351052631579,-35.08546842105263,-18.37583684210526,-14.941289473684211,-15.394536842105262,-19.5939,-18.836884210526318,-16.299726315789474,-23.96096842105263,-16.544352631578946,-32.69246842105263,-35.076452631578945,-18.082589473684212
v11.0.0,AI,A3,-18.557575,-33.9735,-36.944900000000004,-20.271475,-17.1973125,-17.372425,-22.014924999999998,-20.971562499999997,-18.259175,-24.5635125,-18.5569,-33.961175,-36.9390375,-19.67085
v11.0.0,AI,A4,-15.185716666666666,-45.58541666666667,-46.54663333333334,-18.211566666666666,-16.033266666666666,-14.581916666666666,-17.757816666666667,-16.818166666666666,-15.776883333333332,-25.65256666666667,-15.185383333333334,-45.56121666666667,-46.366083333333336,-16.980416666666667
v11.0.0,AI,A5,-13.7135,-29.662750000000003,-23.025225,-15.045125,-13.757975,-13.945325,-19.77925,-18.7478,-14.986575,-20.3004,-13.703800000000001,-29.627525,-23.051025,-14.36845
v11.0.0,AI,B1,-21.05163,-38.14412,-37.54584,-22.9188,-19.5717,-20.15694,-23.44686,-22.42866,-21.227629999999998,-30.25286,-21.00551,-38.17337,-37.4886,-22.49838
v11.0.0,AI,B2,-40.63975555555556,-56.348822222222225,-56.90327777777778,-42.449577777777776,-40.82108888888889,-41.97613333333334,-40.461422222222225,-39.08522222222222,-41.567566666666664,-51.306999999999995,-40.875544444444444,-56.16343333333334,-56.717977777777776,-42.73312222222222
v11.0.0,AI,E,-16.4413625,-30.18746875,-29.364725,-18.2775875,-15.504425,-15.4814375,-22.326325,-21.6108125,-17.485975,-20.825981249999998,-16.5088,-30.18,-29.2218,-17.2553125
v11.0.0,AI,G1,-18.756325,-44.59585,-57.895224999999996,-23.1299,-15.213899999999999,-17.070149999999998,-21.708725,-21.397975,-18.659025,-35.151250000000005,-18.768,-44.721225000000004,-57.927875,-21.686774999999997
v11.0.0,AI,G2,-20.057757142857145,-47.96545714285714,-51.266757142857145,-23.838242857142856,-18.24187142857143,-18.71832857142857,-21.306900000000002,-20.834042857142858,-20.078114285714285,-32.845971428571424,-20.086785714285714,-47.9726,-51.2865,-21.87417142857143
v11.0.0,AS,A1,-29.6742125,-38.5128625,-38.7364125,-30.7903625,-25.4406,-27.5433125,-35.0684,-34.3120125,-28.5899,-34.158725,-29.7173625,-38.6743875,-38.996725,-30.95915
v11.0.0,LD,A2,-20.287405263157893,-36.07780526315789,-36.22824736842105,-21.829742105263158,-18.552652631578948,-18.693873684210526,-23.073857894736843,-22.650021052631576,-19.669626315789472,-26.117136842105264,-20.793557894736843,-36.63916842105263,-36.604205263157894,-21.845052631578948
v11.0.0,LD,A3,-21.11435,-35.8888625,-35.87035,-22.678562499999998,-19.424425,-19.549275,-22.3733125,-21.903925,-20.4143375,-26.0731,-21.170175,-36.057325000000006,-35.888075,-21.965225
v11.0.0,LD,A4,-22.66535,-44.8552,-45.271950000000004,-24.83905,-21.681166666666666,-20.739683333333332,-23.162133333333333,-23.933383333333335,-22.5615,-29.4897,-23.17255,-45.49535,-45.16028333333333,-24.373966666666664
v11.0.0,LD,A5,-20.06055,-34.003175,-27.314425,-21.0137,-18.262525,-19.071675,-25.229975,-24.382399999999997,-20.2107,-23.4782,-20.47795,-34.147025,-27.6031,-20.919475
v11.0.0,LD,B1,-20.242359999999998,-40.50145,-36.50251,-22.22234,-19.7534,-19.878729999999997,-22.84712,-22.40494,-20.89566,-29.60256,-20.48222,-41.87744,-36.017669999999995,-22.16127
v11.0.0,LD,B2,-39.87135555555555,-49.95126666666667,-49.98577777777778,-41.00787777777778,-41.118544444444446,-41.096377777777775,-44.141466666666666,-42.69707777777778,-41.25368888888889,-46.86848888888889,-40.08437777777778,-49.06801111111111,-49.31808888888889,-41.40994444444445
v11.0.0,RA,A1,-28.5196625,-40.860325,-41.680350000000004,-30.045299999999997,-26.73015,-27.501425,-34.6373875,-33.4802375,-27.9851375,-34.4902875,-28.6366,-41.05595,-41.929025,-30.238037499999997
v11.0.0,RA,A2,-26.511384210526316,-41.00230526315789,-41.6316,-27.935142105263157,-24.720394736842106,-25.250431578947367,-32.28513684210526,-31.16268947368421,-25.609157894736843,-32.02741052631579,-26.847336842105264,-41.36598947368421,-41.91115263157895,-27.809136842105264
v11.0.0,RA,A3,-28.023675,-42.3774875,-41.1396,-29.5651,-26.640675,-26.932187499999998,-31.951137499999998,-30.6289625,-27.3442375,-32.820637500000004,-28.0181875,-42.556375,-41.1518375,-28.7455
v11.0.0,RA,A4,-26.78765,-47.556016666666665,-48.385983333333336,-28.864816666666666,-24.95595,-25.193533333333335,-31.507416666666668,-31.32241666666667,-26.710516666666667,-33.22855,-27.12,-48.06061666666667,-48.28276666666667,-28.182716666666664
v11.0.0,RA,A5,-27.744075000000002,-36.7961,-30.346825,-28.29955,-26.20245,-27.4132,-34.5781,-33.767275,-28.21245,-30.264975,-28.23295,-37.0733,-30.584674999999997,-28.4996
v11.0.0,RA,B1,-25.65538,-43.37569,-41.06553,-27.508490000000002,-25.9611,-26.168290000000002,-31.24513,-30.12686,-26.34769,-34.15566,-25.749200000000002,-43.93759,-40.34351,-27.1274
v11.0.0,RA,B2,-38.847255555555556,-50.28753333333333,-50.40293333333333,-40.15131111111111,-40.24928888888889,-40.537844444444445,-42.55596666666666,-41.295899999999996,-40.87456666666667,-47.52338888888889,-39.02023333333333,-49.79063333333333,-50.20858888888889,-40.64715555555555
v11.0.0,RA,E,-23.52255625,-38.7856875,-36.78146875,-25.536224999999998,-22.46170625,-22.37833125,-29.093225,-28.1358,-23.5297,-28.69601875,-23.8255,-38.880675,-37.06013125,-24.71999375
v11.0.0,RA,G1,-31.8154,-56.2882,-61.995175,-34.560575,-29.735575,-29.7048,-42.0675,-40.486375,-30.938650000000003,-44.550075,-32.249425,-56.9503,-62.36085,-34.15175
v11.0.0,RA,G2,-27.500357142857144,-50.513357142857146,-56.6793,-30.45528571428571,-26.226785714285715,-26.55854285714286,-33.78331428571429,-32.83475714285714,-27.514614285714288,-36.054500000000004,-27.473728571428573,-50.88555714285714,-56.41988571428572,-28.842214285714284
v11.0.0,Still,F1,-11.477314285714286,-27.815035714285717,-31.636599999999998,-13.39440357142857,-11.016389285714284,-11.892867857142857,-14.999192857142857,-14.236225,-13.069571428571427,-16.210785714285713,-11.477314285714286,-27.815035714285717,-31.636599999999998,-12.392496428571429
v11.0.0,Still,F2,-12.650599999999999,-24.488196551724137,-25.19944482758621,-14.374772413793103,-12.95534827586207,-13.174344827586207,-14.986206896551723,-14.536141379310344,-14.228841379310344,-17.523572413793104,-12.650599999999999,-24.488196551724137,-25.19944482758621,-13.577103448275862
v12.0.0,AI,A1,-18.001275,-31.8050375,-32.055525,-19.7529,-15.15915,-16.9465,-21.7681125,-20.898425,-18.027549999999998,-25.3641375,-17.998125,-31.8093375,-32.042612500000004,-20.11845
v12.0.0,AI,A2,-16.581173684210526,-32.7398,-34.861705263157894,-18.390478947368422,-14.876378947368423,-15.337315789473683,-19.66747894736842,-18.912352631578948,-16.30366842105263,-23.943047368421052,-16.57576842105263,-32.72849473684211,-34.854721052631575,-18.10395789473684
v12.0.0,AI,A3,-19.177374999999998,-34.203175,-37.2029125,-20.8490875,-17.8394375,-17.968825,-23.0234625,-21.9117875,-18.8835,-25.119837500000003,-19.1774125,-34.196237499999995,-37.199575,-20.27375
v12.0.0,AI,A4,-15.176483333333332,-45.38028333333333,-46.122683333333335,-18.164616666666667,-16.028266666666667,-14.607733333333334,-17.798516666666668,-16.841983333333335,-15.761483333333333,-25.590500000000002,-15.17395,-45.3567,-45.82293333333334,-16.941466666666667
v12.0.0,AI,A5,-13.693775,-29.46735,-22.953174999999998,-14.9974,-13.6371,-13.90325,-19.543675,-18.460275,-14.934125,-20.386025,-13.683025,-29.436575,-22.9932,-14.33935
v12.0.0,AI,B1,-21.35291,-38.32895,-37.77198,-23.213,-19.81997,-20.40724,-23.774079999999998,-22.73408,-21.53374,-30.513299999999997,-21.30819,-38.366,-37.716480000000004,-22.80221
v12.0.0,AI,B2,-40.554677777777776,-56.23934444444445,-56.76294444444444,-42.34678888888889,-40.79063333333333,-41.940355555555556,-40.4512,-39.03526666666667,-41.41451111111111,-50.95316666666667,-40.78478888888888,-56.090355555555554,-56.55654444444444,-42.63248888888889
v12.0.0,AI,E,-16.5061375,-30.2649,-29.39141875,-18.35199375,-15.38769375,-15.41348125,-22.3404375,-21.672725,-17.488075,-20.86260625,-16.57855,-30.2438,-29.25151875,-17.3215125
v12.0.0,AI,G1,-18.757199999999997,-44.65895,-57.469175,-23.114825,-15.253675,-16.965474999999998,-22.0477,-21.683625,-18.617075,-35.704274999999996,-18.7705,-44.78255,-57.5386,-21.70665
v12.0.0,AI,G2,-20.11332857142857,-48.10245714285714,-50.9341,-23.878185714285713,-18.265271428571427,-18.723871428571425,-21.424371428571426,-20.934385714285714,-20.172257142857145,-32.89794285714286,-20.145957142857146,-48.11012857142857,-50.883157142857144,-21.938242857142857
v12.0.0,AS,A1,-29.9651375,-38.8978375,-38.85265,-31.084262499999998,-25.68895,-27.7098875,-35.5162125,-34.80855,-28.8008,-34.428425000000004,-30.0116625,-39.0647125,-39.114825,-31.2513625
v12.0.0,LD,A2,-20.50987894736842,-35.888457894736845,-36.42786842105263,-22.027605263157895,-18.44468947368421,-18.65941052631579,-23.23521578947368,-22.837973684210528,-19.772442105263156,-26.20015263157895,-21.01328421052632,-36.46207894736842,-36.803284210526314,-22.054326315789474
v12.0.0,LD,A3,-21.7051625,-36.2780625,-36.4244875,-23.259175,-19.85685,-20.041225,-23.052125,-22.6803,-20.9476375,-26.6608375,-21.7542375,-36.441500000000005,-36.425,-22.5468875
v12.0.0,LD,A4,-23.77541666666667,-44.47755,-46.23465000000001,-25.87255,-22.51561666666667,-21.58283333333333,-24.529750000000003,-25.269199999999998,-23.476266666666664,-30.495616666666667,-24.292516666666668,-45.12465,-46.25046666666666,-25.491033333333334
v12.0.0,LD,A5,-21.61685,-36.362075000000004,-26.823700000000002,-22.53465,-19.5477,-20.590225,-28.1399,-27.164675000000003,-21.696225,-25.219925,-22.022525,-36.42845,-27.026175,-22.449275
v12.0.0,LD,B1,-20.48929,-40.42866,-36.688010000000006,-22.44906,-19.70143,-19.85503,-23.16318,-22.68233,-21.04878,-29.6378,-20.7155,-41.82045,-36.1703,-22.36302
v12.0.0,LD,B2,-40.468922222222226,-50.25103333333333,-50.0466,-41.547822222222216,-41.614755555555554,-41.63595555555556,-44.71708888888889,-43.44498888888889,-41.82714444444444,-46.95265555555555,-40.6931,-49.19145555555556,-49.43973333333333,-41.91612222222222
v12.0.0,RA,A1,-28.4799125,-40.9882,-41.6341,-30.0092,-26.4442375,-27.32995,-34.6079,-33.4456875,-27.879649999999998,-34.4461875,-28.5964375,-41.1848,-41.8876,-30.2095625
v12.0.0,RA,A2,-26.664315789473687,-41.199521052631574,-41.52385789473684,-28.079026315789474,-24.68816842105263,-25.267626315789474,-32.44881052631579,-31.342499999999998,-25.701405263157895,-32.1775052631579,-26.99731052631579,-41.57216842105263,-41.79962105263158,-27.95568947368421
v12.0.0,RA,A3,-28.450025,-43.0079125,-42.0614875,-30.0368,-27.0317625,-27.316875,-32.6453375,-31.31205,-27.787924999999998,-33.37375,-28.450025,-43.179249999999996,-42.0727375,-29.2018
v12.0.0,RA,A4,-27.345116666666666,-47.28361666666667,-47.84101666666667,-29.320083333333333,-25.429683333333333,-25.599966666666663,-32.32908333333334,-32.114466666666665,-27.21135,-33.70975,-27.65405,-47.80211666666667,-47.76733333333333,-28.654983333333334
v12.0.0,RA,A5,-28.5619,-37.601125,-30.198425,-29.072924999999998,-26.8648,-28.134025,-36.1871,-35.254475,-28.97755,-30.88775,-29.062124999999998,-37.804,-30.427799999999998,-29.30755
v12.0.0,RA,B1,-25.963389999999997,-43.66346,-41.27353,-27.806130000000003,-26.0579,-26.298669999999998,-31.512580000000003,-30.42534,-26.57394,-34.37759,-26.06954,-44.26086,-40.57197,-27.428160000000002
v12.0.0,RA,B2,-39.18686666666667,-50.086866666666666,-50.683455555555554,-40.43705555555556,-40.49016666666667,-40.88411111111111,-42.84976666666667,-41.61886666666666,-41.17346666666666,-47.88283333333333,-39.33892222222222,-49.492533333333334,-50.45656666666667,-40.87128888888889
v12.0.0,RA,E,-23.666631250000002,-39.0329,-37.09505625,-25.72080625,-22.43911875,-22.41818125,-29.292781249999997,-28.2837,-23.6420875,-28.93286875,-23.9727375,-39.1182625,-37.32543125,-24.88564375
v12.0.0,RA,G1,-31.710324999999997,-57.184275,-61.14255,-34.475775,-29.383675,-29.443825,-42.150025,-40.504125,-30.8167,-45.206375,-32.1109,-57.827525,-61.5578,-34.080975
v12.0.0,RA,G2,-27.721128571428572,-51.57637142857143,-57.036114285714284,-30.737828571428572,-26.27327142857143,-26.65587142857143,-34.21628571428572,-33.19504285714286,-27.68264285714286,-36.34362857142857,-27.700242857142857,-51.747957142857146,-56.67837142857143,-29.09164285714286
v12.0.0,Still,F1,-11.451803571428572,-27.51470714285714,-31.413146428571427,-13.336421428571429,-11.071932142857142,-11.844589285714287,-14.893835714285714,-14.157875,-13.06712857142857,-16.107035714285715,-11.451803571428572,-27.51470714285714,-31.413146428571427,-12.350585714285714
v12.0.0,Still,F2,-12.696679310344829,-24.400255172413793,-25.09486551724138,-14.381620689655172,-12.979482758620689,-13.1997,-15.045120689655171,-14.637372413793102,-14.254748275862068,-17.46238620689655,-12.696679310344829,-24.400255172413793,-25.09486551724138,-13.59376551724138
v13.0.0,AI,A1,-18.175775,-33.05605,-32.871224999999995,-20.0576625,-19.61895,-17.117625,-22.1112875,-21.207175,-18.247475,-26.0992375,-18.1721875,-33.055575000000005,-32.86195,-20.4403125
v13.0.0,AI,A2,-16.668357894736843,-33.22831578947368,-35.020257894736844,-18.502747368421055,-17.36005789473684,-15.48127894736842,-19.91523157894737,-19.110978947368423,-16.4068,-24.151784210526316,-16.663447368421053,-33.2186052631579,-35.01342105263158,-18.22611052631579
v13.0.0,AI,A3,-19.119425,-34.1939625,-36.5286125,-20.7684875,-19.69815,-17.8937625,-22.9598625,-21.880000000000003,-18.8063125,-24.942549999999997,-19.11875,-34.1909375,-36.5209375,-20.2219375
v13.0.0,AI,A4,-15.272833333333333,-45.620000000000005,-45.01499999999999,-18.233583333333332,-16.174583333333334,-14.839666666666666,-17.936783333333334,-16.994666666666667,-15.929966666666667,-25.81025,-15.271666666666668,-45.58356666666666,-44.85561666666666,-17.062183333333333
v13.0.0,AI,A5,-13.5356,-29.318824999999997,-22.5048,-14.828175,-13.742375000000001,-13.8047,-19.15625,-18.005274999999997,-14.732375000000001,-20.14525,-13.52675,-29.2436,-22.526249999999997,-14.185725
v13.0.0,AI,B1,-21.924500000000002,-39.58743,-39.370490000000004,-23.93096,-22.58926,-20.94,-24.59491,-23.51525,-22.161279999999998,-31.51359,-21.882240000000003,-39.61573,-39.24718,-23.60745
v13.0.0,AI,B2,-40.866822222222225,-56.38437777777778,-56.66084444444444,-42.62398888888889,-45.703722222222225,-42.160888888888884,-40.885311111111115,-39.42337777777778,-41.45426666666666,-50.888555555555556,-41.08922222222222,-56.26056666666667,-56.43765555555555,-42.938700000000004
v13.0.0,AI,E,-16.65151875,-30.471474999999998,-29.587325,-18.49366875,-16.29018125,-15.5272375,-22.68091875,-21.96838125,-17.648287500000002,-21.0696,-16.722493749999998,-30.4680875,-29.486943750000002,-17.55583125
v13.0.0,AI,G1,-18.933025,-46.2688,-55.192325,-23.1509,-19.685875,-17.1529,-22.3279,-21.928425,-18.800075,-35.1937,-18.945725,-46.391575,-55.336575,-21.9662
v13.0.0,AI,G2,-20.874642857142856,-48.981314285714284,-44.398514285714285,-24.7006,-23.47804285714286,-19.43837142857143,-22.28784285714286,-21.755442857142857,-21.02161428571429,-34.21297142857143,-20.904285714285717,-48.95342857142857,-44.28864285714286,-22.968114285714286
v13.0.0,AS,A1,-30.089825,-38.9108125,-38.7094375,-31.17725,-30.0856625,-27.8532,-35.4501875,-34.719825,-28.89445,-34.5737,-30.131124999999997,-39.0577875,-38.96675,-31.356212499999998
v13.0.0,LD,A2,-20.24095789473684,-37.22544736842105,-37.09038421052632,-21.886263157894735,-20.348915789473683,-18.69598947368421,-23.027452631578946,-22.556731578947367,-19.492615789473682,-26.61176842105263,-20.633715789473683,-37.72197894736843,-37.400915789473686,-21.763826315789473
v13.0.0,LD,A3,-21.7654875,-37.7975875,-37.3057875,-23.4208,-21.755175,-20.327437500000002,-23.7264125,-23.119975,-20.8175625,-27.2457625,-21.8029375,-37.864025,-37.1477125,-22.6654625
v13.0.0,LD,A4,-24.29618333333333,-45.71941666666667,-45.411049999999996,-26.38705,-24.097033333333332,-22.961333333333332,-24.991016666666667,-25.71965,-23.96751666666667,-31.265816666666666,-24.67735,-46.21475,-45.26241666666667,-25.89918333333333
v13.0.0,LD,A5,-21.670275,-37.319825,-29.762125,-22.746025,-20.412275,-20.892025,-27.88915,-26.84665,-21.616775,-25.415950000000002,-21.90245,-37.351275,-29.874724999999998,-22.412975
v13.0.0,LD,B1,-20.76725,-41.04499,-37.45366,-22.76565,-21.67465,-20.63068,-23.3367,-22.80776,-21.24412,-30.262639999999998,-20.82998,-42.195949999999996,-36.735519999999994,-22.46537
v13.0.0,LD,B2,-41.04353333333333,-50.10065555555556,-50.5274,-42.06657777777778,-42.664455555555556,-41.852377777777775,-44.96516666666667,-43.699155555555556,-41.869844444444446,-46.94217777777778,-41.12798888888889,-49.2941,-49.814699999999995,-42.31693333333333
v13.0.0,RA,A1,-28.5498125,-41.0144375,-41.7073125,-30.0759625,-29.2403875,-27.40585,-34.630525,-33.50355,-27.956875,-34.5625375,-28.670225000000002,-41.194762499999996,-41.945274999999995,-30.280450000000002
v13.0.0,RA,A2,-26.711984210526314,-41.08572631578948,-41.188431578947366,-28.093694736842107,-26.664894736842104,-25.33906842105263,-32.58537894736842,-31.448600000000003,-25.74611052631579,-32.12451578947368,-27.04604210526316,-41.470226315789475,-41.468021052631585,-27.990563157894737
v13.0.0,RA,A3,-28.435737500000002,-42.463575,-41.08265,-29.9309375,-28.32815,-27.3064,-32.4055375,-31.0997125,-27.747675,-32.874449999999996,-28.4434125,-42.629287500000004,-41.0849,-29.1500125
v13.0.0,RA,A4,-27.54585,-47.40561666666667,-47.494949999999996,-29.471166666666665,-25.661083333333334,-25.92011666666667,-32.61693333333333,-32.46498333333333,-27.47845,-33.69336666666666,-27.877783333333337,-47.89943333333333,-47.37085,-28.88095
v13.0.0,RA,A5,-28.529575,-37.172975,-29.973950000000002,-29.022725,-26.930175,-28.194725,-36.069500000000005,-35.040875,-28.992275,-30.585625,-29.04005,-37.474025,-30.145225,-29.2822
v13.0.0,RA,B1,-26.00033,-43.32531,-41.13462,-27.80895,-26.72887,-26.37521,-31.62792,-30.509269999999997,-26.604570000000002,-34.25102,-26.10351,-43.84591,-40.4052,-27.439510000000002
v13.0.0,RA,B2,-39.4248,-50.210211111111114,-50.38548888888889,-40.63201111111111,-42.05288888888889,-41.051522222222225,-43.03978888888889,-41.82723333333333,-41.325044444444444,-47.045544444444445,-39.57506666666667,-49.689,-50.25018888888889,-41.087777777777774
v13.0.0,RA,E,-23.7287125,-38.46981875,-36.22943125,-25.6294875,-23.05691875,-22.49326875,-29.2723875,-28.31819375,-23.67973125,-28.58921875,-24.05559375,-38.544575,-36.4590875,-24.9381125
v13.0.0,RA,G1,-31.730449999999998,-56.403375,-59.642375,-34.346075,-29.933225,-29.464125000000003,-42.2256,-40.582125000000005,-30.8033,-44.3019,-32.1383,-57.0782,-60.242025,-34.04755
v13.0.0,RA,G2,-27.882485714285714,-50.35562857142857,-54.810314285714284,-30.650085714285716,-29.291285714285713,-26.874757142857142,-34.132157142857146,-33.11494285714286,-27.802542857142857,-36.2517,-27.8724,-51.065828571428575,-54.572771428571436,-29.20865714285714
v13.0.0,Still,F1,-11.434307142857142,-27.737146428571428,-31.292967857142855,-13.327985714285715,-11.450742857142858,-11.810535714285715,-14.959382142857143,-14.252214285714286,-13.041285714285715,-16.118742857142855,-11.434307142857142,-27.737146428571428,-31.292967857142855,-12.356707142857143
v13.0.0,Still,F2,-12.683468965517243,-24.622893103448277,-25.184944827586204,-14.403831034482758,-13.472396551724138,-13.193489655172414,-15.268679310344828,-14.732951724137932,-14.2749,-17.538927586206896,-12.683468965517243,-24.622893103448277,-25.184944827586204,-13.614262068965518
