TestCfg,EncodeMethod,CodecName,EncodePreset,Class,Name,OrigRes,FPS,BitDepth,CodedRes,QP,Bitrate(kbps),PSNR_Y,PSNR_U,PSNR_V,SSIM_Y(dB),MS-SSIM_Y(dB),VMAF_Y,VMAF_Y-NEG,PSNR-HVS,CIEDE2000,APSNR_Y,APSNR_U,APSNR_V,CAMBI,EncT[s],DecT[s],EncInstr,DecInstr,EncCycles,DecCycles,EncMD5,DecMD5
AS,aom,av2,0,A1,BoxingPractice,3840x2160,60.0000,10,3840x2160,110,18691.273035,42.399074,48.725159,48.731155,13.975288,20.340027,99.974870,99.917640,43.030379,43.265987,42.348049,48.699824,48.705426,0.931846,,,,,,,e44d1915752aa8e448658a8f9fc7e8d0,
AS,aom,av2,0,A1,BoxingPractice,3840x2160,60.0000,10,3840x2160,135,6628.205026,41.574327,47.548359,47.470558,13.574919,19.569878,99.647216,97.795556,41.501443,42.400259,41.559474,47.536396,47.456701,1.191166,,,,,,,090398f53968a8557c7b6f867966fac0,
AS,aom,av2,0,A1,BoxingPractice,3840x2160,60.0000,10,3840x2160,160,2747.113809,40.302340,45.978915,45.809845,13.047371,18.450339,95.187997,92.780491,39.168184,41.218028,40.287914,45.966135,45.797331,1.236379,,,,,,,e27c2e6ee4e1b720777b17a9402810d6,
AS,aom,av2,0,A1,BoxingPractice,3840x2160,60.0000,10,3840x2160,185,1320.824406,38.277582,43.979487,43.716101,12.215187,16.684878,86.031013,83.255561,35.926703,39.557635,38.256847,43.966964,43.705208,1.284483,,,,,,,9e3f77586122c05a25c9dc2bd461f227,
AS,aom,av2,0,A1,BoxingPractice,3840x2160,60.0000,10,3840x2160,210,636.168754,35.576577,41.544790,41.349178,11.117021,14.425912,71.203989,68.152619,32.267836,37.402984,35.550552,41.531979,41.333414,1.316835,,,,,,,b50ba8360445091802e2286a648a031c,
AS,aom,av2,0,A1,BoxingPractice,3840x2160,60.0000,10,3840x2160,235,293.562438,32.413764,38.811171,38.787917,9.877806,11.913835,51.599668,48.622341,28.518344,34.766047,32.386579,38.798631,38.777026,1.261357,,,,,,,8c3c262d956fa97e83e4f53427d15f26,
AS,aom,av2,0,A1,BoxingPractice,3840x2160,60.0000,10,2560x1440,110,9348.834550,41.590579,47.086403,47.205966,13.642342,19.872191,99.928935,98.334291,42.122522,42.441347,41.575989,47.076257,47.193153,1.188808,,,,,,,af551ca49547d3a1fff354d2453534e2,
AS,aom,av2,0,A1,BoxingPractice,3840x2160,60.0000,10,2560x1440,135,3849.911319,40.712589,46.072792,46.045098,13.243210,19.005230,97.246311,94.883151,40.297313,41.596854,40.701989,46.063551,46.033262,1.219699,,,,,,,08b35ac6292bc445fa433a171e688483,
AS,aom,av2,0,A1,BoxingPractice,3840x2160,60.0000,10,2560x1440,160,1796.401752,39.138966,44.555120,44.416379,12.577953,17.553568,90.512543,87.778606,37.443793,40.289421,39.122616,44.543889,44.404193,1.305440,,,,,,,8b568fd41639a3fef01d92c76a3d21b3,
AS,aom,av2,0,A1,BoxingPractice,3840x2160,60.0000,10,2560x1440,185,862.590948,36.798534,42.607978,42.406538,11.615907,15.513364,78.484266,75.416170,33.940001,38.456025,36.775620,42.595891,42.393953,1.377264,,,,,,,be7742c403903be6d0b2529ad0f6fe79,
AS,aom,av2,0,A1,BoxingPractice,3840x2160,60.0000,10,2560x1440,210,404.829632,33.886431,40.262730,40.097701,10.441578,13.089999,60.921785,57.767015,30.243423,36.214427,33.859853,40.252295,40.083211,1.373960,,,,,,,1accdf29758a628cd1a3975d280aacb4,
AS,aom,av2,0,A1,BoxingPractice,3840x2160,60.0000,10,2560x1440,235,185.644509,30.743391,37.833442,37.729770,9.279284,10.673662,40.837541,37.985637,26.707384,33.650355,30.716764,37.823642,37.722612,1.168988,,,,,,,9a0e907bdd64d4f0fa615653326ae113,
AS,aom,av2,0,A1,BoxingPractice,3840x2160,60.0000,10,1920x1080,110,6251.630216,40.680295,45.925380,45.800863,13.276596,19.396624,98.009571,95.673822,41.139017,41.745041,40.672137,45.918916,45.790799,1.266802,,,,,,,1365c0b63043ebc9158e35c449fdf932,
AS,aom,av2,0,A1,BoxingPractice,3840x2160,60.0000,10,1920x1080,135,2811.911781,39.736796,44.983942,44.741441,12.840508,18.399349,93.934339,91.294007,39.061719,40.862285,39.726422,44.976590,44.730414,1.332859,,,,,,,d87847984505a07b21957e8baa6b15d1,
AS,aom,av2,0,A1,BoxingPractice,3840x2160,60.0000,10,1920x1080,160,1331.200492,38.026192,43.536547,43.200057,12.102906,16.735159,85.200434,82.337488,35.964901,39.468467,38.008534,43.527127,43.188235,1.446962,,,,,,,1226514188f6fb853a7e70c1b44b915e,
AS,aom,av2,0,A1,BoxingPractice,3840x2160,60.0000,10,1920x1080,185,629.746869,35.572966,41.656173,41.342458,11.097000,14.555576,70.876000,67.816275,32.413261,37.598650,35.549102,41.643113,41.331538,1.513525,,,,,,,60f84e775cdfa8fefb22e3f1540badc6,
AS,aom,av2,0,A1,BoxingPractice,3840x2160,60.0000,10,1920x1080,210,291.131638,32.670479,39.379724,39.200783,9.959504,12.165338,52.672755,49.579609,28.852797,35.259021,32.645246,39.369279,39.187983,1.488156,,,,,,,2576e8e00d4cf2270442d333e7f8c9de,
AS,aom,av2,0,A1,BoxingPractice,3840x2160,60.0000,10,1920x1080,235,128.087297,29.528466,37.076081,36.931973,8.858254,9.808956,32.201406,29.656514,25.425825,32.799592,29.503770,37.069411,36.925761,1.373759,,,,,,,b9721a90d0ed5ea964671d1e47f171db,
AS,aom,av2,0,A1,BoxingPractice,3840x2160,60.0000,10,1280x720,110,3659.194959,38.417549,44.480213,43.852138,12.250202,18.111569,90.766439,88.182261,37.637670,40.446518,38.412982,44.475632,43.843755,1.360323,,,,,,,395ac5fe14cd376268577868d9f36309,
AS,aom,av2,0,A1,BoxingPractice,3840x2160,60.0000,10,1280x720,135,1806.847921,37.557136,43.591149,42.959162,11.830679,17.015565,84.802774,82.079285,35.888806,39.552592,37.548554,43.585335,42.949398,1.432517,,,,,,,00cef954abca006c2a791480da1989b1,
AS,aom,av2,0,A1,BoxingPractice,3840x2160,60.0000,10,1280x720,160,861.019596,35.954238,42.186901,41.614067,11.142048,15.267389,73.331436,70.508578,33.215936,38.135182,35.938402,42.178519,41.603956,1.550810,,,,,,,b0b5fa985ba3cc0a5035d1d9fe2607de,
AS,aom,av2,0,A1,BoxingPractice,3840x2160,60.0000,10,1280x720,185,401.919311,33.628319,40.363271,39.940985,10.236123,13.097433,56.910441,54.148668,30.064009,36.259527,33.605456,40.352916,39.928889,1.552480,,,,,,,70b119d20f030bc10db471f6a6864448,
AS,aom,av2,0,A1,BoxingPractice,3840x2160,60.0000,10,1280x720,210,181.642358,30.844446,38.152873,37.877594,9.256472,10.817755,38.549548,35.990790,26.835437,33.905525,30.819324,38.144605,37.868341,1.552948,,,,,,,99219659cd71107266ce913a1e9d9c3b,
AS,aom,av2,0,A1,BoxingPractice,3840x2160,60.0000,10,1280x720,235,78.383155,27.880567,36.332131,36.082883,8.355081,8.703425,20.091274,18.244355,23.769995,31.566253,27.856649,36.326119,36.077610,1.527073,,,,,,,6220a097f4d85ce873b8496ee7c2927e,
AS,aom,av2,0,A1,BoxingPractice,3840x2160,60.0000,10,960x540,110,2617.233843,36.288080,43.397267,42.527753,11.190903,16.495568,79.721458,76.961062,33.843654,39.232098,36.284432,43.393077,42.520231,1.444084,,,,,,,6a253671f9305f0417b64a69e1dea7ab,
AS,aom,av2,0,A1,BoxingPractice,3840x2160,60.0000,10,960x540,135,1305.247368,35.582156,42.545353,41.699887,10.855245,15.516891,72.633423,69.834313,32.711319,38.374843,35.575429,42.539768,41.691118,1.513809,,,,,,,ad56caeebd1680ee3cb59bb41ba43de9,
AS,aom,av2,0,A1,BoxingPractice,3840x2160,60.0000,10,960x540,160,622.104050,34.233198,41.204664,40.508257,10.316003,13.956102,60.277063,57.575431,30.812681,37.045752,34.219642,41.196193,40.499041,1.587652,,,,,,,6ccee5d31f27a917cda15dd08ae19a03,
AS,aom,av2,0,A1,BoxingPractice,3840x2160,60.0000,10,960x540,185,286.207331,32.136878,39.462816,38.936260,9.579458,11.966060,43.938279,41.463769,28.246312,35.141701,32.116093,39.453842,38.923748,1.680106,,,,,,,c6553056aef658557fbdc162c633901d,
AS,aom,av2,0,A1,BoxingPractice,3840x2160,60.0000,10,960x540,210,128.271728,29.535450,37.308074,37.050608,8.767285,9.883193,27.282666,25.190746,25.410706,32.916814,29.511485,37.300532,37.044067,1.652449,,,,,,,52b259cd984a47e971f73fdd9eb9ce3f,
AS,aom,av2,0,A1,BoxingPractice,3840x2160,60.0000,10,960x540,235,54.484592,26.720157,35.709448,35.449510,8.020615,7.943441,10.657509,9.498473,22.629353,30.603590,26.692714,35.701938,35.444927,1.516411,,,,,,,99dceee9b36597bf102051d45b14ebd5,
AS,aom,av2,0,A1,BoxingPractice,3840x2160,60.0000,10,640x360,110,1567.061861,33.254845,41.937696,41.019312,9.730196,13.860748,53.560988,51.354939,29.266971,37.304370,33.252111,41.933341,41.012609,1.481134,,,,,,,6e5a0a76ecc77147c104643946df6f2e,
AS,aom,av2,0,A1,BoxingPractice,3840x2160,60.0000,10,640x360,135,796.822869,32.762809,41.162007,40.324059,9.529334,13.147489,46.602815,44.452925,28.693954,36.589644,32.757943,41.156354,40.317748,1.573591,,,,,,,94c5f94fe92c2b11b00e45bfccc25f64,
AS,aom,av2,0,A1,BoxingPractice,3840x2160,60.0000,10,640x360,160,379.876124,31.738383,39.919054,39.185761,9.193312,11.960551,35.701904,33.712042,27.567978,35.374321,31.728056,39.911472,39.178012,1.592853,,,,,,,ff68c6ce48c38198ba7974920226b1ba,
AS,aom,av2,0,A1,BoxingPractice,3840x2160,60.0000,10,640x360,185,174.667179,30.011362,38.250994,37.738486,8.706301,10.336311,22.742395,21.186513,25.780252,33.640183,29.994393,38.243274,37.732095,1.707959,,,,,,,8fe24659f2c897cd89647e5bf1f2777b,
AS,aom,av2,0,A1,BoxingPractice,3840x2160,60.0000,10,640x360,210,77.143779,27.734282,36.484087,36.203358,8.161086,8.606239,10.269975,9.247995,23.555585,31.587586,27.713419,36.474571,36.199467,1.726526,,,,,,,f49999979eaace52ac9782284bcfcfbf,
AS,aom,av2,0,A1,BoxingPractice,3840x2160,60.0000,10,640x360,235,33.507416,25.180382,35.229265,34.941369,7.631556,6.963186,0.260851,0.153100,21.170804,29.306671,25.155923,35.223283,34.932005,1.645489,,,,,,,d10e87669413a19e6872962674883478,
AS,aom,av2,0,A1,Crosswalk,3840x2160,60.0000,10,3840x2160,110,17136.033198,42.791627,48.817536,52.280044,13.526130,20.071322,95.546002,93.747624,43.159012,43.705406,42.751551,48.803037,52.270065,0.314597,,,,,,,da74621201f3c0c8b774b93072934ee9,
AS,aom,av2,0,A1,Crosswalk,3840x2160,60.0000,10,3840x2160,135,5345.745946,42.131836,48.161779,51.340155,13.216791,19.203589,91.122211,89.016500,41.609517,43.053940,42.122558,48.157030,51.331892,0.364939,,,,,,,8c9966e92386716b1ad6b403a9ecc6bf,
AS,aom,av2,0,A1,Crosswalk,3840x2160,60.0000,10,3840x2160,160,2270.890955,41.079463,47.162608,49.921457,12.880922,17.946414,82.940772,80.560236,39.454238,42.068453,41.058596,47.155741,49.907411,0.382870,,,,,,,44bddfb01d7de17027c403732855e92c,
AS,aom,av2,0,A1,Crosswalk,3840x2160,60.0000,10,3840x2160,185,1055.262276,39.457742,45.752296,47.976921,12.457361,16.257370,69.881678,67.404281,36.844747,40.628501,39.418285,45.741326,47.956593,0.413666,,,,,,,c4b9a54e119936c4fe3bccd647d46943,
AS,aom,av2,0,A1,Crosswalk,3840x2160,60.0000,10,3840x2160,210,498.277108,37.203277,43.696591,45.608955,11.953683,14.228368,52.306556,49.971593,33.918882,38.604499,37.145408,43.679334,45.581351,0.459730,,,,,,,1a5c813d9d855d21ead2a7989bbd7e17,
AS,aom,av2,0,A1,Crosswalk,3840x2160,60.0000,10,3840x2160,235,231.036656,34.348685,41.432238,42.854065,11.360084,11.966635,31.469920,29.866192,30.744323,36.064685,34.276489,41.421627,42.823670,0.375242,,,,,,,e415d75c494b05642e223d9273b37b4f,
AS,aom,av2,0,A1,Crosswalk,3840x2160,60.0000,10,2560x1440,110,8273.517252,42.414139,48.458742,51.790530,13.326553,19.593112,93.370056,91.328263,42.312100,43.341870,42.403201,48.452177,51.782637,0.338614,,,,,,,b4cbc3abc7ae5bdd66b9ffe4400be426,
AS,aom,av2,0,A1,Crosswalk,3840x2160,60.0000,10,2560x1440,135,3214.937678,41.626428,47.701489,50.677718,13.038248,18.591505,87.296545,85.018912,40.525135,42.586014,41.612780,47.695863,50.666402,0.345364,,,,,,,c39d381264b85a0b8b7b814cf070a7a6,
AS,aom,av2,0,A1,Crosswalk,3840x2160,60.0000,10,2560x1440,160,1439.494659,40.293359,46.541628,49.013060,12.660331,17.111058,76.514164,74.065214,38.120507,41.407878,40.262934,46.532222,48.995227,0.391700,,,,,,,d194ee7fad4b9cf12817460d0c578ed6,
AS,aom,av2,0,A1,Crosswalk,3840x2160,60.0000,10,2560x1440,185,669.421655,38.364855,44.875737,46.857580,12.204641,15.257620,61.154159,58.710323,35.364171,39.712375,38.315596,44.861736,46.832271,0.398733,,,,,,,89783464574ffc27864431bed681408c,
AS,aom,av2,0,A1,Crosswalk,3840x2160,60.0000,10,2560x1440,210,313.525244,35.832544,42.769400,44.428039,11.665970,13.130502,41.561717,39.507895,32.351622,37.490193,35.765706,42.753659,44.397352,0.439832,,,,,,,5bee52c61061996d8471791e21d89b98,
AS,aom,av2,0,A1,Crosswalk,3840x2160,60.0000,10,2560x1440,235,143.856144,32.876979,40.336439,41.602334,11.079480,10.913645,22.876843,21.320362,29.227526,34.812926,32.804133,40.323458,41.566543,0.524957,,,,,,,a61d2505788cb4456aa7266042a269f5,
AS,aom,av2,0,A1,Crosswalk,3840x2160,60.0000,10,1920x1080,110,5293.172059,42.105856,48.137749,51.381424,13.198369,19.196389,91.204083,88.975982,41.591663,43.044079,42.096736,48.132931,51.372500,0.361233,,,,,,,b9ce6c5b76e806730866740a35e21c06,
AS,aom,av2,0,A1,Crosswalk,3840x2160,60.0000,10,1920x1080,135,2322.266042,41.166948,47.296954,50.152012,12.894114,18.066266,83.738446,81.302191,39.635048,42.190174,41.148036,47.290693,50.139000,0.389003,,,,,,,73ba61f5b5a370711c743f617d98686c,
AS,aom,av2,0,A1,Crosswalk,3840x2160,60.0000,10,1920x1080,160,1046.833782,39.621053,45.990376,48.305624,12.489991,16.442673,71.114767,68.613267,37.092123,40.831951,39.583756,45.979987,48.282569,0.449790,,,,,,,79cfbb1eb859d7aabe238cae70dd8afb,
AS,aom,av2,0,A1,Crosswalk,3840x2160,60.0000,10,1920x1080,185,486.953047,37.484033,44.233677,46.150117,12.014772,14.494361,54.180961,51.790824,34.271415,38.993964,37.428150,44.217140,46.121829,0.503292,,,,,,,7fa9c5f601225c01b160c8f3b57db7af,
AS,aom,av2,0,A1,Crosswalk,3840x2160,60.0000,10,1920x1080,210,225.625451,34.795645,42.049915,43.523746,11.463723,12.336965,34.250798,32.467043,31.231070,36.638008,34.726842,42.034535,43.495413,0.579254,,,,,,,3f2c3da3709173654c75caddf84d61d3,
AS,aom,av2,0,A1,Crosswalk,3840x2160,60.0000,10,1920x1080,235,102.082533,31.808682,39.509341,40.756731,10.894742,10.223218,17.263523,16.248814,28.161844,33.903121,31.734211,39.491765,40.716957,0.672687,,,,,,,61b320b2231b610e02c7ea1443478263,
AS,aom,av2,0,A1,Crosswalk,3840x2160,60.0000,10,1280x720,110,3122.238992,41.522190,47.573186,50.681446,12.974584,18.514834,86.311647,83.950050,40.363976,42.528709,41.509373,47.566542,50.670568,0.387048,,,,,,,f08dc4d3cb2c70db9adb9424bea0eddc,
AS,aom,av2,0,A1,Crosswalk,3840x2160,60.0000,10,1280x720,135,1471.755322,40.349347,46.571201,49.238948,12.650311,17.193497,76.732803,74.209521,38.217385,41.501588,40.322405,46.561511,49.221528,0.432833,,,,,,,36e67e703005ebc0e26eb0853b5fe476,
AS,aom,av2,0,A1,Crosswalk,3840x2160,60.0000,10,1280x720,160,668.126950,38.510187,45.072397,47.247898,12.226338,15.409994,61.895143,59.430709,35.553438,39.907005,38.463226,45.058304,47.222287,0.504937,,,,,,,b7b83dd3298f47c57dca86f92cfc4d23,
AS,aom,av2,0,A1,Crosswalk,3840x2160,60.0000,10,1280x720,185,309.036195,36.103001,43.114838,44.787721,11.725240,13.366647,43.150352,41.044857,32.656721,37.797841,36.036959,43.096297,44.747842,0.600401,,,,,,,fd7a55fe276adc6dd4ac514f34c53400,
AS,aom,av2,0,A1,Crosswalk,3840x2160,60.0000,10,1280x720,210,141.642972,33.290513,40.960257,42.284070,11.180904,11.255217,24.169048,22.746374,29.665782,35.317417,33.217222,40.942285,42.228929,0.744525,,,,,,,c6c7795abc60031c701cdd287a62d4cb,
AS,aom,av2,0,A1,Crosswalk,3840x2160,60.0000,10,1280x720,235,62.920464,30.271882,38.408560,39.283850,10.626859,9.297363,10.410321,9.750672,26.648430,32.468980,30.206074,38.391209,39.229729,0.912668,,,,,,,571afcdc08b3360bfeab8c900609a52a,
AS,aom,av2,0,A1,Crosswalk,3840x2160,60.0000,10,960x540,110,2229.408745,40.902144,47.065931,50.025651,12.747048,17.853043,80.310563,77.833877,39.159234,42.044119,40.883593,47.056628,50.010137,0.432488,,,,,,,623d680bd26658a14e6d008c13034d8e,
AS,aom,av2,0,A1,Crosswalk,3840x2160,60.0000,10,960x540,135,1066.062553,39.592561,45.955238,48.444707,12.433894,16.455227,69.432393,66.862755,37.031004,40.873789,39.558409,45.943921,48.422557,0.484990,,,,,,,01ac43c1cdbc548d2451fd7cf9e72ec8,
AS,aom,av2,0,A1,Crosswalk,3840x2160,60.0000,10,960x540,160,486.488281,37.576812,44.372189,46.322122,12.010374,14.600211,53.576153,51.187557,34.368200,39.150049,37.520842,44.354502,46.292862,0.580725,,,,,,,88f05af819580766829d5e0261f76846,
AS,aom,av2,0,A1,Crosswalk,3840x2160,60.0000,10,960x540,185,223.408591,35.027042,42.360725,43.905050,11.507048,12.544417,34.620889,32.773945,31.478023,36.913673,34.959081,42.340771,43.869833,0.721478,,,,,,,30957fdae9d8706e49eb99c6f45001ae,
AS,aom,av2,0,A1,Crosswalk,3840x2160,60.0000,10,960x540,210,101.595635,32.152932,40.109768,41.288842,10.971780,10.491212,17.274965,16.206474,28.517638,34.322159,32.084919,40.094752,41.249268,0.939015,,,,,,,cb93ce423eac279649879960cc91766e,
AS,aom,av2,0,A1,Crosswalk,3840x2160,60.0000,10,960x540,235,44.824099,29.173627,37.437503,38.370444,10.438940,8.681445,5.914524,5.497044,25.573370,31.464076,29.108456,37.406248,38.253545,1.108193,,,,,,,738ae34528a5ade90e9c86c0ed89bf40,
AS,aom,av2,0,A1,Crosswalk,3840x2160,60.0000,10,640x360,110,1384.965803,39.638118,46.191871,48.896248,12.338656,16.647228,65.317342,62.974240,36.957189,41.160912,39.604569,46.176311,48.874189,0.468807,,,,,,,db28183ff3975cf0ea3c259e58fab6ef,
AS,aom,av2,0,A1,Crosswalk,3840x2160,60.0000,10,640x360,135,676.083301,38.235771,44.979238,47.195967,12.068788,15.245994,53.658235,51.310800,35.092068,39.859486,38.190122,44.961337,47.169130,0.536325,,,,,,,4b4d1cdccb358b0684d3984766511605,
AS,aom,av2,0,A1,Crosswalk,3840x2160,60.0000,10,640x360,160,308.560363,36.067409,43.254757,45.031054,11.668130,13.363578,37.576163,35.578046,32.575220,37.905962,36.002529,43.233289,45.006114,0.666299,,,,,,,3ec7b8aaa10f2ebdc19ad59b56a3f4f9,
AS,aom,av2,0,A1,Crosswalk,3840x2160,60.0000,10,640x360,185,140.104818,33.435737,41.124766,42.625715,11.191396,11.375042,21.803951,20.432460,29.804228,35.534113,33.360181,41.102886,42.574648,0.859860,,,,,,,559607a5634eb6dd911c36859471915b,
AS,aom,av2,0,A1,Crosswalk,3840x2160,60.0000,10,640x360,210,62.916776,30.604207,38.807270,40.052038,10.695790,9.507630,8.338284,7.691483,26.985389,32.927625,30.537043,38.789600,39.998164,1.174219,,,,,,,b67380b33b7778b24949b7e97ea3fd3f,
AS,aom,av2,0,A1,Crosswalk,3840x2160,60.0000,10,640x360,235,28.420810,27.722007,36.578322,37.385529,10.192234,7.942785,0.587215,0.564354,24.174938,30.172682,27.661118,36.555966,37.297044,1.313260,,,,,,,a47f5c590c3f5170c96fd815eb04d1b1,
AS,aom,av2,0,A1,FoodMarket2,3840x2160,60.0000,10,3840x2160,110,24895.294244,43.191753,49.111596,49.323006,15.940789,22.924430,99.970096,99.961796,44.767457,44.214090,43.094777,49.017830,49.223606,0.009696,,,,,,,2c7261bab73dbb6e5ee31b2a3894f5b2,
AS,aom,av2,0,A1,FoodMarket2,3840x2160,60.0000,10,3840x2160,135,10652.757704,41.768101,47.280258,47.412932,14.984838,21.104895,99.956362,99.944951,41.644591,42.701319,41.695601,47.201776,47.319647,0.012894,,,,,,,7757eda37280076e241d557fb1585487,
AS,aom,av2,0,A1,FoodMarket2,3840x2160,60.0000,10,3840x2160,160,4786.673019,39.421984,44.895692,44.945558,13.468149,18.366704,98.836807,96.694788,37.495148,40.460000,39.339710,44.815068,44.841837,0.013759,,,,,,,9f7a10c6a6945befd6e6e2351948c260,
AS,aom,av2,0,A1,FoodMarket2,3840x2160,60.0000,10,3840x2160,185,2182.209175,36.447850,42.295219,42.270380,11.577724,15.176810,84.666284,82.205047,33.242834,37.768269,36.356349,42.211981,42.154105,0.017961,,,,,,,f63b4dde8e1c4a15047888a6bc4d870b,
AS,aom,av2,0,A1,FoodMarket2,3840x2160,60.0000,10,3840x2160,210,975.776224,33.228195,39.737380,39.600048,9.639173,12.017621,63.917620,61.696360,29.299791,34.891605,33.132556,39.653570,39.494867,0.028356,,,,,,,20056e205704f9397a569c0209931a3b,
AS,aom,av2,0,A1,FoodMarket2,3840x2160,60.0000,10,3840x2160,235,403.752555,29.940516,37.096923,36.866229,7.879904,9.045424,41.153269,39.797557,25.679940,31.918979,29.841489,37.001936,36.749650,0.070148,,,,,,,e2df50839d1201eefc5f11402139986c,
AS,aom,av2,0,A1,FoodMarket2,3840x2160,60.0000,10,2560x1440,110,14749.990932,42.322008,47.784841,47.832297,15.363054,21.910058,99.962553,99.950866,42.993454,43.241937,42.248936,47.686963,47.713617,0.010988,,,,,,,4d26de78726c2b68e214382ce0e4b8bb,
AS,aom,av2,0,A1,FoodMarket2,3840x2160,60.0000,10,2560x1440,135,6860.912626,40.535095,45.854955,45.870409,14.184811,19.691417,99.942319,99.752623,39.423653,41.482843,40.458298,45.767295,45.758339,0.014021,,,,,,,0374815e27da9f6c95d86a15774f60a8,
AS,aom,av2,0,A1,FoodMarket2,3840x2160,60.0000,10,2560x1440,160,3073.560286,37.811983,43.426147,43.383038,12.430208,16.653439,92.276650,89.721218,35.134365,39.002487,37.721938,43.339842,43.268365,0.016512,,,,,,,f920a91fa8db995563ef896e98b1031a,
AS,aom,av2,0,A1,FoodMarket2,3840x2160,60.0000,10,2560x1440,185,1367.334204,34.679169,40.874843,40.787206,10.496487,13.430160,73.683149,71.295977,31.027159,36.213415,34.581057,40.788623,40.668355,0.023242,,,,,,,13ef558213bf19655c1a039ec52101c2,
AS,aom,av2,0,A1,FoodMarket2,3840x2160,60.0000,10,2560x1440,210,590.422501,31.458179,38.408166,38.221904,8.669823,10.404290,51.278720,49.465418,27.316284,33.354899,31.356907,38.323741,38.105412,0.055428,,,,,,,69dafdbebc7f29551cc417296c4558a5,
AS,aom,av2,0,A1,FoodMarket2,3840x2160,60.0000,10,2560x1440,235,233.105971,28.296475,36.059031,35.718503,7.146385,7.679701,30.761926,29.921102,23.998484,30.518160,28.192728,35.973198,35.602957,0.139959,,,,,,,212bdfb950d155bb69ced3eaf9784af4,
AS,aom,av2,0,A1,FoodMarket2,3840x2160,60.0000,10,1920x1080,110,10656.092215,41.288717,46.420287,46.429183,14.686657,20.864777,99.950368,99.936598,41.333093,42.216434,41.208413,46.307800,46.276496,0.014039,,,,,,,1a64f1bd4e181e2ebc2acf5b142a6e87,
AS,aom,av2,0,A1,FoodMarket2,3840x2160,60.0000,10,1920x1080,135,5033.928533,39.343002,44.568076,44.539171,13.393840,18.451969,99.040092,96.809077,37.628199,40.360156,39.259638,44.473929,44.405572,0.017096,,,,,,,9f4f6b68e1416a74da8939fbfe608a71,
AS,aom,av2,0,A1,FoodMarket2,3840x2160,60.0000,10,1920x1080,160,2228.412818,36.516839,42.239499,42.172579,11.592181,15.345629,85.549082,82.930723,33.417115,37.838409,36.422925,42.145279,42.046057,0.022264,,,,,,,4e400676f89ed296b94d089b87f7c3c9,
AS,aom,av2,0,A1,FoodMarket2,3840x2160,60.0000,10,1920x1080,185,973.670022,33.379735,39.800148,39.705121,9.717302,12.202666,64.820563,62.541213,29.491582,35.055801,33.277459,39.704653,39.574519,0.050206,,,,,,,4c592bc19cdfb70b0e1f23ae4d4f890b,
AS,aom,av2,0,A1,FoodMarket2,3840x2160,60.0000,10,1920x1080,210,407.441174,30.223495,37.548105,37.264612,8.031929,9.311353,42.529599,41.079368,25.987596,32.287366,30.117702,37.459597,37.135722,0.120413,,,,,,,3705737fcda74030e39759a2aef50b81,
AS,aom,av2,0,A1,FoodMarket2,3840x2160,60.0000,10,1920x1080,235,155.515869,27.192757,35.287582,34.850606,6.718764,6.816210,24.634688,24.026577,22.907500,29.536086,27.090494,35.199278,34.729556,0.198116,,,,,,,88a4afe8b2c4ed06143c7bd1b14273d4,
AS,aom,av2,0,A1,FoodMarket2,3840x2160,60.0000,10,1280x720,110,6592.477061,38.729780,44.065998,44.270202,12.954660,18.571540,98.465536,96.293254,37.377895,40.137468,38.563726,43.929054,44.071914,0.013122,,,,,,,bd089a951336480190b1fa2f96a4a065,
AS,aom,av2,0,A1,FoodMarket2,3840x2160,60.0000,10,1280x720,135,3143.297318,37.030184,42.459228,42.570568,11.834618,16.310683,89.422024,86.832100,34.438072,38.394052,36.903154,42.344940,42.407178,0.017919,,,,,,,cdc581aba81a857d5862ede2aca7b67c,
AS,aom,av2,0,A1,FoodMarket2,3840x2160,60.0000,10,1280x720,160,1388.289249,34.462972,40.452796,40.483770,10.260457,13.400145,72.146201,69.761146,30.870158,36.044002,34.355413,40.345401,40.333050,0.032514,,,,,,,81aa66b2c678ad9996db36c55c5b2d32,
AS,aom,av2,0,A1,FoodMarket2,3840x2160,60.0000,10,1280x720,185,593.292246,31.499228,38.415751,38.231444,8.633701,10.493508,50.300164,48.542357,27.374194,33.442685,31.392642,38.311501,38.089633,0.095787,,,,,,,2fd45a277e38bdc994723110b2932769,
AS,aom,av2,0,A1,FoodMarket2,3840x2160,60.0000,10,1280x720,210,237.764697,28.509091,36.391775,35.937970,7.229979,7.874248,31.104652,30.167334,24.212896,30.777398,28.402466,36.298311,35.790728,0.220898,,,,,,,a8d0c2f6742eaa196f31549d79ae47b6,
AS,aom,av2,0,A1,FoodMarket2,3840x2160,60.0000,10,1280x720,235,87.077230,25.665705,34.180578,33.636356,6.212032,5.695986,17.281667,17.037775,21.439845,28.157699,25.567994,34.082772,33.512534,0.297464,,,,,,,251072807013eedb85fa3ade15352148,
AS,aom,av2,0,A1,FoodMarket2,3840x2160,60.0000,10,960x540,110,4631.009606,36.206848,42.409591,42.735446,11.178513,16.074379,87.855301,85.343466,33.339908,38.233941,35.964072,42.257609,42.520112,0.013166,,,,,,,10148e8587dd288f074569b080830e6e,
AS,aom,av2,0,A1,FoodMarket2,3840x2160,60.0000,10,960x540,135,2205.023284,34.913509,41.032206,41.234895,10.377470,14.316898,76.947335,74.511587,31.478215,36.749832,34.736434,40.907921,41.066291,0.022734,,,,,,,266c7c01f1a7fd1cadc62f801b0df315,
AS,aom,av2,0,A1,FoodMarket2,3840x2160,60.0000,10,960x540,160,973.183125,32.792869,39.235131,39.296729,9.195545,11.882475,59.075215,57.012816,28.821381,34.652743,32.665300,39.119607,39.150534,0.049556,,,,,,,87823216d9fb799eae4f13c982a4e897,
AS,aom,av2,0,A1,FoodMarket2,3840x2160,60.0000,10,960x540,185,407.806347,30.110159,37.398398,37.226092,7.875750,9.284396,39.019977,37.665082,25.846382,32.233269,29.994474,37.294633,37.082824,0.156137,,,,,,,10ea5580932a206f647fda8a94c9d1c6,
AS,aom,av2,0,A1,FoodMarket2,3840x2160,60.0000,10,960x540,210,158.990548,27.319108,35.415283,34.960305,6.743868,6.939175,23.336836,22.791833,23.019170,29.671286,27.213789,35.318855,34.830657,0.308015,,,,,,,4eedb8f0ea238bffeaf7d56f63f219c7,
AS,aom,av2,0,A1,FoodMarket2,3840x2160,60.0000,10,960x540,235,57.221548,24.659934,33.607862,32.749857,5.919835,5.014688,12.517244,12.459556,20.496207,27.216220,24.564135,33.497520,32.620625,0.379944,,,,,,,5087b0e3153241523b1ba122eff8f8dc,
AS,aom,av2,0,A1,FoodMarket2,3840x2160,60.0000,10,640x360,110,2683.488819,32.781889,40.312736,40.644845,8.973168,12.640602,61.529401,59.620136,28.580981,35.503531,32.477193,40.164672,40.432091,0.011433,,,,,,,4531e63266283a80502ab5e0ad64578f,
AS,aom,av2,0,A1,FoodMarket2,3840x2160,60.0000,10,640x360,135,1271.278875,31.942316,39.198600,39.402057,8.544875,11.520335,51.261834,49.509584,27.633641,34.374001,31.707916,39.077197,39.241159,0.031111,,,,,,,1e5c076dd5bcf0d5cf9cf75a7e6448c4,
AS,aom,av2,0,A1,FoodMarket2,3840x2160,60.0000,10,640x360,160,565.159149,30.414356,37.713002,37.716872,7.855285,9.789947,36.914974,35.622837,26.022762,32.699911,30.253977,37.605100,37.570556,0.097741,,,,,,,88824bef454a58289500090662d10516,
AS,aom,av2,0,A1,FoodMarket2,3840x2160,60.0000,10,640x360,185,233.338354,28.206394,36.151923,35.872594,6.983959,7.715434,23.164992,22.520702,23.829401,30.582502,28.079510,36.047293,35.729461,0.221382,,,,,,,3901145a8c7633cd702d52a78bdb7a24,
AS,aom,av2,0,A1,FoodMarket2,3840x2160,60.0000,10,640x360,210,89.050642,25.758718,34.391197,33.752371,6.200329,5.783038,13.896428,13.787457,21.507892,28.274166,25.654924,34.288904,33.616988,0.397895,,,,,,,a7eee53e0647faa260257a15da7d1f4d,
AS,aom,av2,0,A1,FoodMarket2,3840x2160,60.0000,10,640x360,235,31.792208,23.305472,32.811255,31.951812,5.608891,4.224614,7.950206,8.031747,19.264544,25.981365,23.217421,32.715232,31.865964,0.516171,,,,,,,67810ba0c46041c9760b08c884cf653c,
AS,aom,av2,0,A1,Neon1224,3840x2160,30.0000,10,3840x2160,110,37733.374318,44.754592,48.617948,47.938519,18.207163,22.502308,99.976370,99.971332,43.685685,46.628708,44.663178,48.476649,47.786623,0.952155,,,,,,,006064d6955caf45cd13a731c6990486,
AS,aom,av2,0,A1,Neon1224,3840x2160,30.0000,10,3840x2160,135,16611.948667,41.616968,45.874746,45.037139,16.421273,19.773998,99.358910,98.615804,39.918887,44.085005,41.498916,45.798078,44.931205,1.213814,,,,,,,581ea909338e52fc9c4d76ed161be755,
AS,aom,av2,0,A1,Neon1224,3840x2160,30.0000,10,3840x2160,160,7233.204949,38.753114,42.868797,41.837287,14.889608,17.397421,91.602323,89.399285,36.114387,41.537854,38.639695,42.777314,41.701223,1.426319,,,,,,,d4dba13dfadb3d46c08bc75ff4d8b101,
AS,aom,av2,0,A1,Neon1224,3840x2160,30.0000,10,3840x2160,185,3303.842619,35.814849,39.722854,38.423861,13.413212,14.953739,76.232551,73.653032,32.263297,38.821672,35.690864,39.596671,38.234319,1.520829,,,,,,,5ff86191e581e1a72b486b4200bc0d84,
AS,aom,av2,0,A1,Neon1224,3840x2160,30.0000,10,3840x2160,210,1481.233228,32.665511,36.512347,34.921984,11.985303,12.382930,56.667088,54.277736,28.484938,35.839823,32.531899,36.362093,34.684243,1.732563,,,,,,,9530f8d445f33d54d56e71100eff6458,
AS,aom,av2,0,A1,Neon1224,3840x2160,30.0000,10,3840x2160,235,628.671636,29.486414,33.301692,31.381240,10.686877,9.944454,34.107031,32.591203,24.967088,32.723458,29.364681,33.143657,31.118062,1.896293,,,,,,,a23ea82219c154e372b8f70efa379bfe,
AS,aom,av2,0,A1,Neon1224,3840x2160,30.0000,10,2560x1440,110,22196.412818,42.195925,47.025910,46.194238,16.894831,20.748732,99.903153,99.616490,41.372320,44.930842,42.145353,46.939545,46.085464,1.120214,,,,,,,842d820ae1f6728ca547a049e3872833,
AS,aom,av2,0,A1,Neon1224,3840x2160,30.0000,10,2560x1440,135,10190.300776,39.826694,44.336850,43.330533,15.505707,18.465237,96.266983,94.527899,37.841070,42.699795,39.745788,44.259275,43.216475,1.365551,,,,,,,9cad87b12f9e507aa15849895ccaac7d,
AS,aom,av2,0,A1,Neon1224,3840x2160,30.0000,10,2560x1440,160,4609.351879,37.110207,41.279464,40.073408,14.073581,16.122457,83.686032,81.197577,34.019800,40.153735,37.005160,41.171178,39.914868,1.489017,,,,,,,7ad8b92d2524a3c84bf8b6d41160d54b,
AS,aom,av2,0,A1,Neon1224,3840x2160,30.0000,10,2560x1440,185,2080.359026,34.089445,38.100112,36.651721,12.633105,13.601928,65.792398,63.212116,30.189328,37.342400,33.965058,37.959943,36.440327,1.650885,,,,,,,bb30cd2581c0124bd75a83c5f470d765,
AS,aom,av2,0,A1,Neon1224,3840x2160,30.0000,10,2560x1440,210,904.593253,30.993228,34.952793,33.190200,11.310570,11.117328,44.947103,42.894973,26.617715,34.371196,30.869130,34.800320,32.936427,1.789558,,,,,,,8d329bab1bafbb76833d9a15868a81f0,
AS,aom,av2,0,A1,Neon1224,3840x2160,30.0000,10,2560x1440,235,370.187966,27.943583,31.984099,29.854550,10.154797,8.891617,22.624624,21.530909,23.373816,31.333945,27.833887,31.829818,29.582487,1.842016,,,,,,,74c25d69f582937a2b087713bf80e036,
AS,aom,av2,0,A1,Neon1224,3840x2160,30.0000,10,1920x1080,110,15460.048259,40.593349,45.884209,44.906454,16.068507,19.669619,98.914457,97.760165,39.742923,43.837755,40.555039,45.812356,44.808223,1.291915,,,,,,,d44c8ca99c1b86d93267e3e0aa3176cb,
AS,aom,av2,0,A1,Neon1224,3840x2160,30.0000,10,1920x1080,135,7355.940060,38.517212,43.143092,41.997445,14.829050,17.552670,91.661984,89.281973,36.285239,41.680038,38.449530,43.056610,41.871363,1.519289,,,,,,,ca183d55d717bd00f509a507707a1ad5,
AS,aom,av2,0,A1,Neon1224,3840x2160,30.0000,10,1920x1080,160,3348.528395,35.829319,40.054572,38.712938,13.446042,15.159813,76.362347,73.756160,32.459013,39.084617,35.727933,39.935070,38.540389,1.676513,,,,,,,219fa77e07b4c9bacb7a7b2fd7239b86,
AS,aom,av2,0,A1,Neon1224,3840x2160,30.0000,10,1920x1080,185,1485.952816,32.835804,36.901932,35.320508,12.084047,12.637933,57.375112,54.885283,28.738385,36.257669,32.714668,36.756362,35.098167,1.797046,,,,,,,a2054458576315d91c8bca57c3910a21,
AS,aom,av2,0,A1,Neon1224,3840x2160,30.0000,10,1920x1080,210,630.811035,29.842987,33.834185,31.948353,10.857961,10.278700,36.375775,34.608794,25.370490,33.301892,29.728755,33.681159,31.694378,1.842331,,,,,,,48fc104730ca374a43760dd70f1c57e8,
AS,aom,av2,0,A1,Neon1224,3840x2160,30.0000,10,1920x1080,235,247.486052,26.848503,31.076168,28.838443,9.812647,8.169154,15.070738,14.274261,22.284249,30.358458,26.744708,30.928752,28.575187,1.972150,,,,,,,c2b7997f96b88615f8b97d0120b4d44e,
AS,aom,av2,0,A1,Neon1224,3840x2160,30.0000,10,1280x720,110,9300.801352,37.772861,43.774649,42.404447,14.523569,18.025464,91.268309,88.985449,36.187186,42.002263,37.743754,43.718089,42.322757,1.501104,,,,,,,3ecf1f07d437a5b34e2352bb4f55ec19,
AS,aom,av2,0,A1,Neon1224,3840x2160,30.0000,10,1280x720,135,4593.538769,36.169853,41.130156,39.695327,13.563406,16.064431,79.646253,77.092122,33.388768,39.968474,36.121908,41.037998,39.563874,1.686484,,,,,,,86628a876177c889c51e97bb1cf0619b,
AS,aom,av2,0,A1,Neon1224,3840x2160,30.0000,10,1280x720,160,2082.077922,33.787881,38.135076,36.562589,12.420563,13.711979,62.656007,60.181979,30.019405,37.403745,33.705524,38.010681,36.382265,1.878171,,,,,,,a701add951035f9fe3e332ca10459938,
AS,aom,av2,0,A1,Neon1224,3840x2160,30.0000,10,1280x720,185,904.211481,31.029822,35.152357,33.377626,11.282318,11.311625,43.290678,41.252267,26.698452,34.616083,30.926029,35.005686,33.153960,2.056833,,,,,,,452995805ffdd585f0465f29e4634c4a,
AS,aom,av2,0,A1,Neon1224,3840x2160,30.0000,10,1280x720,210,371.541689,28.205486,32.364548,30.246314,10.255389,9.125849,23.205588,22.020518,23.653941,31.779042,28.104297,32.220049,29.993459,1.998944,,,,,,,0f9d530681065c4458f9a1f582a2f8d3,
AS,aom,av2,0,A1,Neon1224,3840x2160,30.0000,10,1280x720,235,137.091216,25.348686,29.840380,27.430063,9.379122,7.232206,5.206264,4.936068,20.822399,28.964491,25.254823,29.699248,27.166137,1.948273,,,,,,,25d2bfffd1c2c69081e6ba7dd08642af,
AS,aom,av2,0,A1,Neon1224,3840x2160,30.0000,10,960x540,110,6499.804196,35.603663,41.941840,40.192347,13.235413,16.486610,79.046724,76.602104,32.834245,40.483418,35.574456,41.893391,40.119736,1.637863,,,,,,,54f9b5931290c9e1b37d1a7eedd4a783,
AS,aom,av2,0,A1,Neon1224,3840x2160,30.0000,10,960x540,135,3243.310536,34.331945,39.507331,37.847135,12.528484,14.743847,66.763732,64.317299,30.857030,38.578152,34.293678,39.419962,37.726102,1.858343,,,,,,,92fed6273e6660d7aecfd05bd9ad0f48,
AS,aom,av2,0,A1,Neon1224,3840x2160,30.0000,10,960x540,160,1457.552294,32.266108,36.681511,34.957382,11.640200,12.566232,50.088519,47.923317,28.141908,36.128310,32.200065,36.562431,34.784786,2.097707,,,,,,,f57464435d92a2f43a60bc3b7b0f5498,
AS,aom,av2,0,A1,Neon1224,3840x2160,30.0000,10,960x540,185,625.798202,29.760223,33.909295,31.956719,10.721376,10.368509,32.268425,30.707985,25.274533,33.435215,29.672362,33.771819,31.741025,2.197835,,,,,,,39064440de6c40dff17dd736a3ca742e,
AS,aom,av2,0,A1,Neon1224,3840x2160,30.0000,10,960x540,210,250.896181,27.054739,31.340439,29.134973,9.854129,8.349713,14.471841,13.683919,22.486807,30.705084,26.962192,31.206484,28.891360,2.308808,,,,,,,8753a3fcda671b4d4b8ff37314c60134,
AS,aom,av2,0,A1,Neon1224,3840x2160,30.0000,10,960x540,235,88.285253,24.317252,29.025279,26.562040,9.098250,6.653713,1.951158,1.874473,19.847034,27.938613,24.231094,28.889407,26.303488,2.361452,,,,,,,6235ad4d02936aed7e11d001cf39322c,
AS,aom,av2,0,A1,Neon1224,3840x2160,30.0000,10,640x360,110,3873.424422,32.796001,39.176098,37.038904,11.665520,14.204992,53.503374,51.576770,28.720703,38.200044,32.766206,39.129042,36.963809,1.737145,,,,,,,ecb758eaa13af0bfac73d7551bea142e,
AS,aom,av2,0,A1,Neon1224,3840x2160,30.0000,10,640x360,135,1943.900407,31.856158,37.153378,35.198982,11.242309,12.789748,42.545219,40.786558,27.540483,36.509717,31.824269,37.071454,35.084385,1.961796,,,,,,,8b6f53c28610ae2940fae00c20d42571,
AS,aom,av2,0,A1,Neon1224,3840x2160,30.0000,10,640x360,160,864.488742,30.184576,34.684160,32.765275,10.662607,10.971095,28.857999,27.515890,25.643396,34.275726,30.134320,34.571337,32.598277,2.230168,,,,,,,9865980d46bd48636b6c96b425056280,
AS,aom,av2,0,A1,Neon1224,3840x2160,30.0000,10,640x360,185,363.603781,27.983441,32.262867,30.106103,10.000762,9.089838,15.213145,14.438063,23.358921,31.791688,27.912709,32.136867,29.896219,2.419495,,,,,,,67b9d9e7af5ca8912872ab5b2ce3f3e1,
AS,aom,av2,0,A1,Neon1224,3840x2160,30.0000,10,640x360,210,138.210712,25.453703,30.006719,27.655974,9.346604,7.336421,3.284924,3.125888,20.911554,29.171830,25.371873,29.879110,27.417372,2.535374,,,,,,,87c332846286b580d76750da5ef8f93b,
AS,aom,av2,0,A1,Neon1224,3840x2160,30.0000,10,640x360,235,45.097057,22.988067,27.971346,25.414259,8.769805,5.928594,0.251366,0.252271,18.609397,26.634252,22.916494,27.844117,25.161867,2.599915,,,,,,,235122dbf05b697b24e6bc6f9a85c284,
AS,aom,av2,0,A1,NocturneDance,3840x2160,60.0000,10,3840x2160,110,45573.105231,46.338068,43.790983,48.882258,19.106212,21.848738,93.572187,91.520780,43.360744,44.970163,46.260067,43.730459,48.832772,0.595467,,,,,,,2c167199b84b45cca303b1f87b7fbf5f,
AS,aom,av2,0,A1,NocturneDance,3840x2160,60.0000,10,3840x2160,135,19377.463385,43.245771,42.001040,47.431849,16.676218,18.778146,85.001605,82.648783,39.573355,42.925893,43.168929,41.968517,47.402206,0.848590,,,,,,,8fc4c2edb5dbc0630310f55fd726aec8,
AS,aom,av2,0,A1,NocturneDance,3840x2160,60.0000,10,3840x2160,160,7879.118769,40.003203,40.344403,45.860049,14.333499,15.628320,69.491978,67.053965,35.846213,40.888313,39.912581,40.322347,45.836959,0.928777,,,,,,,2fab36a6fb15a1422f6797c3c701fa9a,
AS,aom,av2,0,A1,NocturneDance,3840x2160,60.0000,10,3840x2160,185,3064.338462,36.728908,38.664537,44.221989,12.111653,12.405655,47.409502,45.680652,32.278795,38.794567,36.626992,38.642123,44.202594,1.031677,,,,,,,5908f47be6a830a613e06b8ea5e1e8a4,
AS,aom,av2,0,A1,NocturneDance,3840x2160,60.0000,10,3840x2160,210,925.916308,33.610758,36.977976,42.645292,10.366922,9.356698,23.947539,23.262813,29.064167,36.645923,33.516940,36.957415,42.633797,1.388456,,,,,,,762effc139f1938a3ffd1665dd46175b,
AS,aom,av2,0,A1,NocturneDance,3840x2160,60.0000,10,3840x2160,235,197.010462,31.573756,35.693670,41.009070,9.575283,7.570215,9.008294,8.800219,27.091369,34.896867,31.533082,35.684884,41.001292,1.588506,,,,,,,2a41452759ff7a58d3d8e08bf976810a,
AS,aom,av2,0,A1,NocturneDance,3840x2160,60.0000,10,2560x1440,110,27916.349538,44.509742,42.444471,47.849861,17.633058,20.019546,89.333305,87.109157,41.101232,43.606450,44.440197,42.411579,47.815539,0.811900,,,,,,,6ce5ab0f0907a3353e70d38864c36d46,
AS,aom,av2,0,A1,NocturneDance,3840x2160,60.0000,10,2560x1440,135,11799.474462,41.420942,40.977101,46.553918,15.325304,16.999586,77.158899,74.802739,37.457116,41.739775,41.341859,40.955212,46.530300,0.964100,,,,,,,1e803c8b2844573959355a2aa1a79f35,
AS,aom,av2,0,A1,NocturneDance,3840x2160,60.0000,10,2560x1440,160,4680.587077,38.187162,39.437499,44.992294,13.078424,13.869576,57.582934,55.565153,33.853718,39.753347,38.093101,39.416924,44.970671,1.076616,,,,,,,47a08d030fb562734bf318e44ce35c11,
AS,aom,av2,0,A1,NocturneDance,3840x2160,60.0000,10,2560x1440,185,1604.370462,34.981143,37.786531,43.419562,11.077092,10.704932,34.179453,33.038543,30.456326,37.664658,34.882495,37.764120,43.401575,1.336466,,,,,,,76644ffbff9524bc2b9b8a952f114a70,
AS,aom,av2,0,A1,NocturneDance,3840x2160,60.0000,10,2560x1440,210,393.755077,32.338819,36.311890,41.931373,9.833787,8.205549,14.850067,14.403594,27.823649,35.706388,32.271356,36.294888,41.918348,1.949327,,,,,,,3d3d271bfcddfdfcec76a6a7cc0ae8da,
AS,aom,av2,0,A1,NocturneDance,3840x2160,60.0000,10,2560x1440,235,76.633846,30.988792,35.338272,40.345333,9.429975,7.178908,5.843718,5.656081,26.561252,34.355002,30.966229,35.330868,40.338297,2.112726,,,,,,,9058af21d221e115ad5e36eeca32fc32,
AS,aom,av2,0,A1,NocturneDance,3840x2160,60.0000,10,1920x1080,110,19716.225231,43.185299,41.172204,46.864720,16.606317,18.713010,85.247698,82.798858,39.487891,42.508261,43.117641,41.152089,46.837895,0.898832,,,,,,,d3085a89da515a827f5b519326af8012,
AS,aom,av2,0,A1,NocturneDance,3840x2160,60.0000,10,1920x1080,135,8327.224615,40.130320,40.028327,45.696700,14.396371,15.742264,70.467234,68.062026,35.985825,40.816362,40.049986,40.010600,45.675794,1.041803,,,,,,,834a08592b9ec44e61c5bbbcf5e30776,
AS,aom,av2,0,A1,NocturneDance,3840x2160,60.0000,10,1920x1080,160,3133.513846,36.858925,38.647226,44.284639,12.209370,12.560262,48.138684,46.422230,32.419381,38.873864,36.761359,38.626744,44.265599,1.264032,,,,,,,e674f0be517191511ae97dff621e8af3,
AS,aom,av2,0,A1,NocturneDance,3840x2160,60.0000,10,1920x1080,185,941.150769,33.807146,37.152809,42.890577,10.467063,9.580397,25.082913,24.306215,29.263819,36.871976,33.716375,37.131431,42.878267,1.684624,,,,,,,22aba58eb58d8997fd54b60b8c97beec,
AS,aom,av2,0,A1,NocturneDance,3840x2160,60.0000,10,1920x1080,210,207.611077,31.742843,35.945618,41.444125,9.634359,7.706545,10.372081,10.096131,27.259159,35.232965,31.697922,35.931036,41.434368,2.416284,,,,,,,9efe8c12c249c61c28857f367c149aec,
AS,aom,av2,0,A1,NocturneDance,3840x2160,60.0000,10,1920x1080,235,41.379692,30.629406,35.055662,39.868613,9.359825,6.991482,3.640088,3.493425,26.241201,33.941396,30.613055,35.049597,39.858351,2.736755,,,,,,,36a3c43a56ed388dba6186dbc2441854,
AS,aom,av2,0,A1,NocturneDance,3840x2160,60.0000,10,1280x720,110,11588.876308,41.096191,39.234323,45.368051,14.956602,16.769319,75.755332,73.402389,37.057213,40.862576,41.041191,39.216741,45.343749,0.874688,,,,,,,8a34794cd1f60852cb658cc3ea85e86a,
AS,aom,av2,0,A1,NocturneDance,3840x2160,60.0000,10,1280x720,135,4847.959385,38.181361,38.514305,44.457896,13.008813,13.878436,57.513701,55.403640,33.814901,39.405692,38.100449,38.497764,44.437540,1.060964,,,,,,,f782bb0f885db1912a5031344946418a,
AS,aom,av2,0,A1,NocturneDance,3840x2160,60.0000,10,1280x720,160,1627.886769,35.038009,37.501653,43.415323,11.116365,10.787428,33.546341,32.421401,30.503296,37.626465,34.943652,37.482918,43.400737,1.515049,,,,,,,0a60d7bdc21a307712a5d3fff25c7107,
AS,aom,av2,0,A1,NocturneDance,3840x2160,60.0000,10,1280x720,185,397.207385,32.458399,36.391089,42.143875,9.876846,8.330296,14.606473,14.192026,27.937184,35.886526,32.390908,36.374316,42.132227,2.219492,,,,,,,35714710a5b10a3e9860cb4893bd9923,
AS,aom,av2,0,A1,NocturneDance,3840x2160,60.0000,10,1280x720,210,79.074462,31.147981,35.516663,40.683627,9.474894,7.289504,6.885315,6.659225,26.708938,34.563272,31.125137,35.508069,40.673443,3.094080,,,,,,,e846f7162b0c7aeec1a68e4942e515e9,
AS,aom,av2,0,A1,NocturneDance,3840x2160,60.0000,10,1280x720,235,22.393846,30.093011,34.644807,39.019591,9.279370,6.777199,0.552612,0.525016,25.767354,33.310175,30.079278,34.641541,39.005154,3.434030,,,,,,,b2437ca6885090e38d6f37f1133c64a2,
AS,aom,av2,0,A1,NocturneDance,3840x2160,60.0000,10,960x540,110,7626.173538,39.165492,38.120132,44.501539,13.404257,14.972137,64.028614,61.940770,34.828658,39.666432,39.124537,38.102622,44.478861,0.832386,,,,,,,ce28a9ee717d77021012bccbf196b3e1,
AS,aom,av2,0,A1,NocturneDance,3840x2160,60.0000,10,960x540,135,3075.507692,36.635455,37.559805,43.764230,11.917751,12.387647,44.772922,43.209287,32.113084,38.384322,36.564568,37.542844,43.745398,1.143907,,,,,,,c903163bb4623be29a07f604f3bc59b3,
AS,aom,av2,0,A1,NocturneDance,3840x2160,60.0000,10,960x540,160,920.551385,33.805644,36.811547,42.830830,10.451077,9.606891,23.168401,22.417870,29.239716,36.780049,33.721170,36.794829,42.817277,1.853647,,,,,,,a81ca2b0224fc02c13a6f57238d0a0f4,
AS,aom,av2,0,A1,NocturneDance,3840x2160,60.0000,10,960x540,185,204.472615,31.799099,35.971038,41.617556,9.645460,7.770545,9.295876,9.038097,27.309099,35.297433,31.754119,35.958081,41.608045,2.715501,,,,,,,e2721b55005ce57a4e9cae361f0625a1,
AS,aom,av2,0,A1,NocturneDance,3840x2160,60.0000,10,960x540,210,42.299077,30.762888,35.235683,40.283716,9.392686,7.072071,3.781603,3.641954,26.366158,34.181718,30.746333,35.227179,40.274322,3.539509,,,,,,,c5849c8a419707dc948c202fb214391c,
AS,aom,av2,0,A1,NocturneDance,3840x2160,60.0000,10,960x540,235,15.917538,29.634358,34.314517,38.323288,9.228340,6.644271,0.022942,0.021164,25.366754,32.858858,29.620503,34.312435,38.310965,3.774674,,,,,,,68ccf973ca4243c5369484ec59fb5a3c,
AS,aom,av2,0,A1,NocturneDance,3840x2160,60.0000,10,640x360,110,3762.084923,36.182215,37.056162,43.656343,11.288257,12.163772,39.015231,37.655446,31.464002,38.025307,36.148203,37.038886,43.636543,0.772326,,,,,,,eeb7147c984fca5ef01602ec561b2caf,
AS,aom,av2,0,A1,NocturneDance,3840x2160,60.0000,10,640x360,135,1342.397538,34.377175,36.676446,43.037756,10.523254,10.233397,23.069484,22.284797,29.710967,37.007064,34.325702,36.660756,43.021962,1.376956,,,,,,,f67b3d8b08f29e2735a1c5cbd304005f,
AS,aom,av2,0,A1,NocturneDance,3840x2160,60.0000,10,640x360,160,329.867077,32.350285,36.157526,42.108593,9.789909,8.271407,9.682756,9.392342,27.803280,35.737541,32.297854,36.143305,42.098601,2.367369,,,,,,,dcb61108445061950852230eca2af49c,
AS,aom,av2,0,A1,NocturneDance,3840x2160,60.0000,10,640x360,185,78.062769,31.178540,35.561327,40.888901,9.466198,7.325178,3.632667,3.520714,26.733802,34.687594,31.155148,35.552982,40.880055,3.219987,,,,,,,2251f1cd615f75368c1375e21df07a54,
AS,aom,av2,0,A1,NocturneDance,3840x2160,60.0000,10,640x360,210,22.995692,30.242943,34.837820,39.446909,9.308731,6.839193,0.305046,0.288351,25.905646,33.560514,30.230038,34.831149,39.432316,3.804969,,,,,,,e15454b2f7a087fd0d7557099ded21e0,
AS,aom,av2,0,A1,NocturneDance,3840x2160,60.0000,10,640x360,235,10.220308,28.968522,33.799261,37.899991,9.168257,6.462472,0.000000,0.000000,24.792508,32.157055,28.952829,33.794581,37.891498,4.056408,,,,,,,a386725389e35664f915cabbd1765e19,
AS,aom,av2,0,A1,PierSeaSide,3840x2160,30.0000,10,3840x2160,110,10450.513180,44.571203,47.201536,44.596155,16.966589,23.328329,99.543895,98.765368,44.901398,44.151025,44.427499,47.113694,44.499291,0.000349,,,,,,,fa816b1f98e4598c4974cbbae98e62b3,
AS,aom,av2,0,A1,PierSeaSide,3840x2160,30.0000,10,3840x2160,135,3469.659175,42.873121,46.204189,43.828943,15.739662,21.163408,97.847018,96.307363,42.074893,43.108880,42.633267,46.115012,43.736697,0.000805,,,,,,,8a4078797fa50fe5f00ee42708d86ebc,
AS,aom,av2,0,A1,PierSeaSide,3840x2160,30.0000,10,3840x2160,160,1129.857934,40.692653,44.909027,42.984192,14.323790,18.681128,92.386286,90.305384,38.837256,41.767423,40.386242,44.822735,42.893818,0.003057,,,,,,,2b760894f8f89f88de211cee8a4c460d,
AS,aom,av2,0,A1,PierSeaSide,3840x2160,30.0000,10,3840x2160,185,386.948664,38.295309,43.126282,41.767185,12.906050,16.375011,82.821546,80.556691,35.599500,40.124949,38.005913,43.062788,41.692066,0.011656,,,,,,,164cacd40184d01d389768b65e060d85,
AS,aom,av2,0,A1,PierSeaSide,3840x2160,30.0000,10,3840x2160,210,141.286879,35.729825,40.783434,40.040848,11.482309,14.177157,68.480261,66.054441,32.301525,38.136790,35.515816,40.744375,39.983535,0.032769,,,,,,,239445c6704cb2f291f1d8acc5df246c,
AS,aom,av2,0,A1,PierSeaSide,3840x2160,30.0000,10,3840x2160,235,54.084323,32.979350,38.099757,38.093308,10.103520,11.956580,48.838932,46.439228,28.973111,35.786644,32.841759,38.076106,38.057103,0.074127,,,,,,,1ef20ccde6eccd7cd2305d5a88d389c7,
AS,aom,av2,0,A1,PierSeaSide,3840x2160,30.0000,10,2560x1440,110,5294.227242,43.262101,46.188547,43.419796,16.111451,22.038100,98.560053,97.312473,43.219342,43.141666,43.012732,46.072317,43.280944,0.000661,,,,,,,9f74773b8e1bb6bb970007def8a50cff,
AS,aom,av2,0,A1,PierSeaSide,3840x2160,30.0000,10,2560x1440,135,1827.766097,41.532161,45.232571,42.845386,14.892137,19.800783,95.225118,93.172217,40.289876,42.145794,41.216272,45.123097,42.715272,0.001959,,,,,,,f9f3244a0aca78a0558aafcd9ca5df0b,
AS,aom,av2,0,A1,PierSeaSide,3840x2160,30.0000,10,2560x1440,160,603.837404,39.330879,43.795133,42.026578,13.510929,17.397362,87.632810,85.411534,37.057045,40.775181,39.005528,43.708477,41.919156,0.007096,,,,,,,41f3d79a58e9d6e451223787755a3911,
AS,aom,av2,0,A1,PierSeaSide,3840x2160,30.0000,10,2560x1440,185,214.703236,36.917561,41.879677,40.764156,12.127615,15.219011,75.714076,73.299633,33.841624,39.082368,36.657545,41.822097,40.687164,0.020901,,,,,,,c6e2abfa88483b0059e9f7c9af5ea2ce,
AS,aom,av2,0,A1,PierSeaSide,3840x2160,30.0000,10,2560x1440,210,80.553827,34.296066,39.525478,39.074824,10.743349,13.047119,58.720231,56.180656,30.554543,37.025411,34.114829,39.488263,39.019673,0.066739,,,,,,,aaffdab5143aa4761ffeace8b02636df,
AS,aom,av2,0,A1,PierSeaSide,3840x2160,30.0000,10,2560x1440,235,31.421470,31.519418,37.067943,37.366722,9.465045,10.841820,37.194562,35.017037,27.336008,34.721368,31.409359,37.049652,37.333455,0.137308,,,,,,,302c8c32366c9d5d6e7be825ce5cab5d,
AS,aom,av2,0,A1,PierSeaSide,3840x2160,30.0000,10,1920x1080,110,3236.831928,41.588353,45.010156,42.592013,15.115058,20.806206,96.156409,94.158893,41.580235,42.129720,41.164533,44.878875,42.441265,0.001337,,,,,,,973d75d9ed9c71c9400bb0641c0fbb76,
AS,aom,av2,0,A1,PierSeaSide,3840x2160,30.0000,10,1920x1080,135,1135.545779,40.111731,44.118585,42.111479,14.048204,18.703066,91.310388,89.108744,38.785362,41.226135,39.695057,44.002465,41.974801,0.003599,,,,,,,99e5e391037e8d9512e74c3d0ff18adf,
AS,aom,av2,0,A1,PierSeaSide,3840x2160,30.0000,10,1920x1080,160,389.054863,38.127077,42.738714,41.302633,12.812998,16.460770,82.410095,80.115373,35.688997,39.916680,37.778098,42.656136,41.197177,0.013419,,,,,,,5891a12eb0053246aaa78f4692947b35,
AS,aom,av2,0,A1,PierSeaSide,3840x2160,30.0000,10,1920x1080,185,143.926084,35.805768,40.848261,39.983900,11.512234,14.361195,68.969826,66.450215,32.516030,38.230378,35.556865,40.796703,39.912216,0.053521,,,,,,,9d53ae8b97a74aede5059ef329086600,
AS,aom,av2,0,A1,PierSeaSide,3840x2160,30.0000,10,1920x1080,210,54.097233,33.183420,38.676647,38.454146,10.205141,12.198067,49.886418,47.507289,29.264874,36.212416,33.024099,38.647764,38.409805,0.129115,,,,,,,58484211c16d1281d4d2a29478f96701,
AS,aom,av2,0,A1,PierSeaSide,3840x2160,30.0000,10,1920x1080,235,20.818545,30.445401,36.245288,36.874791,9.018489,10.004971,27.652577,25.838277,26.180404,33.879964,30.351222,36.232422,36.844569,0.209845,,,,,,,c94d84b272f08c4c268228d60492a61f,
AS,aom,av2,0,A1,PierSeaSide,3840x2160,30.0000,10,1280x720,110,1535.373244,38.298366,42.940153,41.531286,13.000434,18.338853,87.427705,85.093964,37.015419,40.316938,37.774833,42.831609,41.397857,0.001753,,,,,,,f89a57745049748bc2b043f6dfaf3896,
AS,aom,av2,0,A1,PierSeaSide,3840x2160,30.0000,10,1280x720,135,560.276701,37.370818,42.225197,41.098612,12.330483,16.738178,81.444155,79.047098,35.299285,39.584209,36.900155,42.133180,40.983614,0.006415,,,,,,,448c25dc083cd2a5eeea31ed458bde77,
AS,aom,av2,0,A1,PierSeaSide,3840x2160,30.0000,10,1280x720,160,207.396089,35.966366,41.045272,40.241879,11.491822,14.948339,71.148511,68.801731,33.053463,38.476106,35.602045,40.975952,40.156082,0.023990,,,,,,,509e9d6290557cf8915698f56b89e411,
AS,aom,av2,0,A1,PierSeaSide,3840x2160,30.0000,10,1280x720,185,81.022281,34.010255,39.362674,39.001857,10.499419,13.055028,56.148196,53.696153,30.364135,36.935889,33.780139,39.320369,38.942668,0.090669,,,,,,,342e0a701e9c770e2ed8abe866b78063,
AS,aom,av2,0,A1,PierSeaSide,3840x2160,30.0000,10,1280x720,210,31.126381,31.595427,37.404901,37.567901,9.440251,10.995905,36.104261,34.068765,27.460933,34.974133,31.464464,37.378651,37.526714,0.207664,,,,,,,05c159ca93aa1a32a4266aa1a3aacdea,
AS,aom,av2,0,A1,PierSeaSide,3840x2160,30.0000,10,1280x720,235,12.168742,29.007826,35.033008,36.259781,8.443587,8.851147,14.241903,12.981889,24.674675,32.699461,28.941810,35.014932,36.232813,0.302298,,,,,,,f841ca96d9daae559e9b1620b296aa40,
AS,aom,av2,0,A1,PierSeaSide,3840x2160,30.0000,10,960x540,110,883.456582,35.733348,41.330831,40.736715,11.332069,16.019406,74.209051,71.919214,32.807150,38.836324,35.316917,41.253486,40.627938,0.003476,,,,,,,72c92de6b60db7b01210e5626d6a0a6d,
AS,aom,av2,0,A1,PierSeaSide,3840x2160,30.0000,10,960x540,135,337.224284,35.148979,40.744298,40.333546,10.943950,14.951512,68.093866,65.804124,31.929960,38.238857,34.763846,40.675958,40.239055,0.012489,,,,,,,c8fa5aa0d22df47b452f394534a509a1,
AS,aom,av2,0,A1,PierSeaSide,3840x2160,30.0000,10,960x540,160,133.682799,34.171738,39.761571,39.547128,10.420895,13.612988,57.817913,55.619800,30.565949,37.322358,33.857542,39.709629,39.478062,0.049571,,,,,,,999630fd02f735afcaf3019e3e533adf,
AS,aom,av2,0,A1,PierSeaSide,3840x2160,30.0000,10,960x540,185,53.219343,32.528591,38.294254,38.353833,9.682274,11.941977,42.107932,40.103851,28.500037,35.886022,32.328882,38.261535,38.302026,0.136610,,,,,,,e8a7f95716fc4032c99f74a8212c76e8,
AS,aom,av2,0,A1,PierSeaSide,3840x2160,30.0000,10,960x540,210,21.017730,30.371326,36.527622,37.017706,8.870264,10.027029,23.110128,21.631894,26.080298,34.066223,30.258276,36.509886,36.980250,0.256009,,,,,,,bb6e1d2c225df32105a09c308f867bfc,
AS,aom,av2,0,A1,PierSeaSide,3840x2160,30.0000,10,960x540,235,8.321516,27.952193,34.468609,35.598870,8.080367,8.027672,4.351392,3.484986,23.615282,31.798901,27.901021,34.453650,35.574755,0.317558,,,,,,,ef2619c6dd1b907b90661e94c1ba8a58,
AS,aom,av2,0,A1,PierSeaSide,3840x2160,30.0000,10,640x360,110,399.954722,32.474729,39.488809,39.663524,9.458666,12.924899,43.254583,41.521928,28.177101,36.769679,32.245361,39.438391,39.582282,0.006192,,,,,,,2ccbedff5dd568cc816cb46ab4658e8d,
AS,aom,av2,0,A1,PierSeaSide,3840x2160,30.0000,10,640x360,135,162.939052,32.165753,39.029735,39.281249,9.295735,12.360678,38.195948,36.563852,27.820972,36.336265,31.944206,38.983096,39.209688,0.023990,,,,,,,f175e5d6f9bbdb33f9294a9cf2110681,
AS,aom,av2,0,A1,PierSeaSide,3840x2160,30.0000,10,640x360,160,69.351502,31.581455,38.207325,38.522597,9.053736,11.531085,29.965649,28.438489,27.174267,35.591881,31.389857,38.170624,38.466813,0.097718,,,,,,,740d9184fda2240b49af80a9d195d860,
AS,aom,av2,0,A1,PierSeaSide,3840x2160,30.0000,10,640x360,185,28.824685,30.437918,36.960500,37.485202,8.654895,10.287973,17.688524,16.400343,25.976754,34.390614,30.300909,36.933587,37.445625,0.187124,,,,,,,4d9956fcc8168100ceec1c068120722a,
AS,aom,av2,0,A1,PierSeaSide,3840x2160,30.0000,10,640x360,210,11.678156,28.730674,35.230612,36.239476,8.165167,8.705695,4.148468,3.296787,24.292225,32.670949,28.650793,35.214942,36.207010,0.271967,,,,,,,eaf61668cb439154a4c50ba66f5c8d0e,
AS,aom,av2,0,A1,PierSeaSide,3840x2160,30.0000,10,640x360,235,5.031271,26.689598,33.377416,35.116589,7.700398,7.054682,0.000000,0.000000,22.388514,30.643257,26.644651,33.366251,35.096317,0.393438,,,,,,,383f78b546feeebae7f009f7572fa236,
AS,aom,av2,0,A1,Tango,3840x2160,60.0000,10,3840x2160,110,27172.950127,40.437185,49.745781,48.009021,11.478710,18.275921,97.421427,95.736501,41.386267,42.581636,40.373205,49.736539,47.986265,0.314726,,,,,,,4b43ed02cd94e90de0c1f591db5de8b7,
AS,aom,av2,0,A1,Tango,3840x2160,60.0000,10,3840x2160,135,8898.077922,39.825784,49.102437,46.962755,11.159933,17.422138,93.524815,91.458481,39.805473,41.923650,39.816801,49.098886,46.949994,0.511308,,,,,,,35fbcbb770e2d024d3c60feae5657dcd,
AS,aom,av2,0,A1,Tango,3840x2160,60.0000,10,3840x2160,160,3512.679321,38.898777,48.035432,45.351906,10.835830,16.277945,85.837612,83.429355,37.650995,40.945677,38.892086,48.029306,45.335365,0.566933,,,,,,,fe406d7c985d65cfd93b8adacd6c1d5e,
AS,aom,av2,0,A1,Tango,3840x2160,60.0000,10,3840x2160,185,1695.075386,37.381903,46.446083,43.168734,10.406521,14.684652,72.954742,70.413880,34.937581,39.482837,37.366461,46.436246,43.146004,0.604477,,,,,,,a273123fb6c81d3974d339e038d29d42,
AS,aom,av2,0,A1,Tango,3840x2160,60.0000,10,3840x2160,210,815.210636,35.196987,44.425688,40.601824,9.865932,12.747680,55.969391,53.590178,31.902589,37.531046,35.169178,44.409725,40.576193,0.769608,,,,,,,ed63fb97b4218678574f5a5c9d498bd2,
AS,aom,av2,0,A1,Tango,3840x2160,60.0000,10,3840x2160,235,373.144394,32.424914,41.838122,37.859118,9.240871,10.609757,37.736908,35.762482,28.696262,35.035580,32.387516,41.820401,37.831982,0.779216,,,,,,,48b7980a0c81f6312cb634821dfbe300,
AS,aom,av2,0,A1,Tango,3840x2160,60.0000,10,2560x1440,110,12607.681549,40.056885,49.383935,47.357005,11.254856,17.762970,95.437110,93.478652,40.463444,42.180854,40.045964,49.379600,47.342777,0.437209,,,,,,,824ff5ca9f7c4805946b6da3fb4ae5f0,
AS,aom,av2,0,A1,Tango,3840x2160,60.0000,10,2560x1440,135,4995.740260,39.377186,48.591717,46.121734,10.986487,16.856309,90.038162,87.762578,38.712342,41.436593,39.372761,48.587274,46.107722,0.494453,,,,,,,28489756f7a80b377ace31c467326581,
AS,aom,av2,0,A1,Tango,3840x2160,60.0000,10,2560x1440,160,2287.674172,38.160484,47.315999,44.268404,10.618425,15.483885,79.637184,77.102743,36.247198,40.239431,38.149969,47.308118,44.248652,0.629194,,,,,,,012cbd14126fa52d3b4a570c466765da,
AS,aom,av2,0,A1,Tango,3840x2160,60.0000,10,2560x1440,185,1091.429186,36.297089,45.494128,41.879981,10.135304,13.707224,64.588814,61.912497,33.352613,38.534359,36.275850,45.479896,41.856403,0.743259,,,,,,,72e099e5e03670bf2ebba5effb4931e1,
AS,aom,av2,0,A1,Tango,3840x2160,60.0000,10,2560x1440,210,513.304542,33.831453,43.328419,39.252809,9.557895,11.681956,46.714699,44.422245,30.270019,36.380914,33.799091,43.310244,39.225352,0.844104,,,,,,,1cfa8bf316314e3f728b2996869ecdd8,
AS,aom,av2,0,A1,Tango,3840x2160,60.0000,10,2560x1440,235,231.228464,30.963424,40.798505,36.569471,8.956963,9.645580,29.249651,27.612816,27.168084,33.813492,30.924201,40.780528,36.542780,0.884974,,,,,,,95d98814d29a87ca913eedde826a256f,
AS,aom,av2,0,A1,Tango,3840x2160,60.0000,10,1920x1080,110,8344.589564,39.781698,49.063784,46.731152,11.133738,17.398018,93.404982,91.246943,39.751359,41.860142,39.776383,49.060033,46.718413,0.504851,,,,,,,9e711ee68f67470db9b0ade6aa7ecdd6,
AS,aom,av2,0,A1,Tango,3840x2160,60.0000,10,1920x1080,135,3645.403212,38.955204,48.155989,45.351284,10.847004,16.368324,86.568867,84.075302,37.791328,40.998958,38.949441,48.150354,45.334619,0.582773,,,,,,,584ddb73a46743557174a00cc1f8a41c,
AS,aom,av2,0,A1,Tango,3840x2160,60.0000,10,1920x1080,160,1690.095750,37.492808,46.730501,43.374589,10.436027,14.823429,73.948742,71.429441,35.130442,39.630897,37.478401,46.720412,43.352167,0.751434,,,,,,,8b1bb39d430c030ebb62da022efcbcc3,
AS,aom,av2,0,A1,Tango,3840x2160,60.0000,10,1920x1080,185,798.829478,35.411362,44.812839,40.945213,9.924292,12.953735,57.552585,55.031927,32.185976,37.780015,35.385957,44.797314,40.918927,0.915540,,,,,,,fbc2954db9d2972b97b4b7defc48d399,
AS,aom,av2,0,A1,Tango,3840x2160,60.0000,10,1920x1080,210,367.522939,32.805104,42.538088,38.307128,9.337950,10.913863,40.491208,38.282481,29.123841,35.502495,32.769992,42.514534,38.279491,1.053105,,,,,,,623b10de0f40550c7530f6428caab5d8,
AS,aom,av2,0,A1,Tango,3840x2160,60.0000,10,1920x1080,235,162.594329,29.933419,40.044655,35.606518,8.768410,9.006580,24.686882,23.201579,26.123048,32.871192,29.892992,40.030505,35.577916,1.059318,,,,,,,b04043bbafa3deb0dba378bf2e4bb907,
AS,aom,av2,0,A1,Tango,3840x2160,60.0000,10,1280x720,110,4970.303543,39.191224,48.394743,45.500451,10.907730,16.732151,88.291236,85.927836,38.398408,41.234306,39.187111,48.389784,45.486032,0.566873,,,,,,,33a5712e3cd9f3226401ef266e47e301,
AS,aom,av2,0,A1,Tango,3840x2160,60.0000,10,1280x720,135,2380.837624,38.110791,47.327756,43.970315,10.581783,15.490057,78.798342,76.262853,36.197110,40.186746,38.101046,47.320461,43.950777,0.678360,,,,,,,7e5cef1627ee8efa116fe95137c5faf7,
AS,aom,av2,0,A1,Tango,3840x2160,60.0000,10,1280x720,160,1105.147161,36.340027,45.685522,41.902970,10.128136,13.777199,64.025789,61.555272,33.422769,38.602442,36.319927,45.671657,41.878093,0.891435,,,,,,,43dd638cf584cae200f748ac47928ab5,
AS,aom,av2,0,A1,Tango,3840x2160,60.0000,10,1280x720,185,509.770845,34.001919,43.592279,39.463628,9.593226,11.843535,47.263569,44.965790,30.471479,36.569257,33.971646,43.567639,39.434848,1.093529,,,,,,,244a1d79aaeb548a5a7d702f20e95870,
AS,aom,av2,0,A1,Tango,3840x2160,60.0000,10,1280x720,210,229.373088,31.288164,41.368566,36.900064,9.029691,9.885204,30.544401,28.883031,27.508697,34.157103,31.250388,41.345334,36.872822,1.265857,,,,,,,88e16e3c19fb9e7f641c76ee414da580,
AS,aom,av2,0,A1,Tango,3840x2160,60.0000,10,1280x720,235,97.822178,28.401472,39.037270,34.265988,8.496898,8.147264,12.824560,11.984467,24.602826,31.497404,28.360922,39.020731,34.242545,1.229349,,,,,,,b3d842ba0ac8c3b7e2bc288547ec83bf,
AS,aom,av2,0,A1,Tango,3840x2160,60.0000,10,960x540,110,3628.343349,38.487890,47.716644,44.320809,10.659262,16.043663,81.184399,78.800232,36.922192,40.579508,38.481991,47.710207,44.304718,0.641535,,,,,,,a39f3b4b2a4480156bfe3d0faa852b54,
AS,aom,av2,0,A1,Tango,3840x2160,60.0000,10,960x540,135,1757.129025,37.266301,46.552371,42.762875,10.325626,14.713096,70.007507,67.597447,34.766165,39.438522,37.252727,46.543724,42.741330,0.781209,,,,,,,62f25c29fda0498d1f128f4618cb4a58,
AS,aom,av2,0,A1,Tango,3840x2160,60.0000,10,960x540,160,808.947360,35.345387,44.834083,40.735914,9.867808,12.956066,54.765396,52.458493,32.077827,37.744683,35.321039,44.818569,40.706823,1.019295,,,,,,,a198cc44cd1a29a83e73b7516aeaee42,
AS,aom,av2,0,A1,Tango,3840x2160,60.0000,10,960x540,185,366.176593,32.881591,42.733338,38.384699,9.334681,11.001449,38.483320,36.506151,29.195404,35.588418,32.848188,42.710730,38.356143,1.249933,,,,,,,594bb4f43ce4e84ac711734978efa0f6,
AS,aom,av2,0,A1,Tango,3840x2160,60.0000,10,960x540,210,161.572581,30.184103,40.331458,35.953477,8.817438,9.192639,22.863136,21.695502,26.376386,33.174884,30.145642,40.316565,35.931711,1.423087,,,,,,,6a208ae097355f0eab56b12d22f39ca1,
AS,aom,av2,0,A1,Tango,3840x2160,60.0000,10,960x540,235,68.442327,27.313057,38.037765,33.164305,8.313353,7.573392,5.748199,5.355585,23.528948,30.446180,27.271918,38.015228,33.133476,1.403531,,,,,,,2425bb621b63fcb7a9771917c66b9db3,
AS,aom,av2,0,A1,Tango,3840x2160,60.0000,10,640x360,110,2322.092677,36.856972,46.457972,42.373131,10.134694,14.623487,61.750534,59.673015,33.947970,39.299097,36.848993,46.449920,42.354241,0.715491,,,,,,,edc7ed698f07d11b92057f0b70ca96e0,
AS,aom,av2,0,A1,Tango,3840x2160,60.0000,10,640x360,135,1134.932760,35.611506,45.291193,40.922018,9.843649,13.348373,50.146546,48.129136,32.264688,38.108776,35.595216,45.281402,40.896238,0.913392,,,,,,,c68182545e81555e349732c8867c5092,
AS,aom,av2,0,A1,Tango,3840x2160,60.0000,10,640x360,160,515.484515,33.663545,43.498799,39.067007,9.434385,11.661222,35.654716,34.009290,29.978218,36.367342,33.636425,43.483176,39.036102,1.163416,,,,,,,f8c6944c3bbf2686d2b62addbb1db3f3,
AS,aom,av2,0,A1,Tango,3840x2160,60.0000,10,640x360,185,228.528395,31.243485,41.282896,36.840515,8.974434,9.894779,22.245073,21.048401,27.415987,34.153633,31.208190,41.253921,36.808554,1.468460,,,,,,,5ed5c4d8c5ab79c76760e7c14ff7acc9,
AS,aom,av2,0,A1,Tango,3840x2160,60.0000,10,640x360,210,97.549220,28.600906,39.286339,34.448291,8.522766,8.289239,9.408859,8.843163,24.788742,31.726402,28.561351,39.269325,34.423108,1.586921,,,,,,,352401c97e87b46c14df43982758fabe,
AS,aom,av2,0,A1,Tango,3840x2160,60.0000,10,640x360,235,40.714977,25.803477,37.101900,31.836228,8.052580,6.862886,0.144819,0.130657,22.070606,28.999059,25.762335,37.089489,31.810817,1.497968,,,,,,,010f6b429327cd24a3162ee34b4328bb,
AS,aom,av2,0,A1,TimeLapse,3840x2160,60.0000,10,3840x2160,110,26985.490817,43.629606,49.654891,51.455023,16.706596,23.352217,95.130880,93.439771,45.278838,44.759500,43.537356,49.632644,51.381531,0.008461,,,,,,,8b28a55581135190558cea12f56be187,
AS,aom,av2,0,A1,TimeLapse,3840x2160,60.0000,10,3840x2160,135,9749.543994,41.704524,48.003748,49.700815,15.199501,20.905096,92.226417,90.244485,41.639448,43.144401,41.637848,47.994628,49.659944,0.007757,,,,,,,84efd7c3bfdb74eabe794ea8f5e2bb54,
AS,aom,av2,0,A1,TimeLapse,3840x2160,60.0000,10,3840x2160,160,3512.288327,39.438187,46.005298,47.516637,13.482359,18.141706,86.409050,84.096212,37.839537,41.144044,39.374686,45.998923,47.495066,0.006812,,,,,,,6db46c432e90112f04cb44673e378944,
AS,aom,av2,0,A1,TimeLapse,3840x2160,60.0000,10,3840x2160,185,1312.639361,36.956008,43.886835,45.225229,11.652322,15.318756,76.671115,74.049785,34.257321,38.905662,36.887474,43.881289,45.209972,0.009110,,,,,,,ef40e5ed56d359353e85604387b12059,
AS,aom,av2,0,A1,TimeLapse,3840x2160,60.0000,10,3840x2160,210,479.756551,34.324890,41.755903,42.969678,9.929563,12.503651,61.695576,59.105383,30.867285,36.492988,34.246512,41.748563,42.957979,0.013669,,,,,,,61aca03a7c249cb4b551e406258d747e,
AS,aom,av2,0,A1,TimeLapse,3840x2160,60.0000,10,3840x2160,235,169.930992,31.654665,39.426560,40.513216,8.531620,9.932844,43.916127,41.664923,27.762851,33.897211,31.569287,39.421080,40.496330,0.015881,,,,,,,91120929c24a1317c5a77574d9e96a9f,
AS,aom,av2,0,A1,TimeLapse,3840x2160,60.0000,10,2560x1440,110,14029.828633,42.027039,48.316635,50.143036,15.596412,21.851919,93.089258,91.028700,43.075672,43.447396,41.960211,48.305342,50.085930,0.009909,,,,,,,1ed203754576b3a8ece7a684612aa744,
AS,aom,av2,0,A1,TimeLapse,3840x2160,60.0000,10,2560x1440,135,5417.404749,40.235021,46.730331,48.453848,14.146868,19.367763,88.992800,86.681285,39.498825,41.890566,40.171788,46.724145,48.417544,0.007664,,,,,,,a62d6356ab6b27e894fa129a6bcd44fb,
AS,aom,av2,0,A1,TimeLapse,3840x2160,60.0000,10,2560x1440,160,2006.313686,37.977846,44.786556,46.302664,12.415254,16.588996,81.274483,78.728100,35.842732,39.867246,37.912186,44.780587,46.282609,0.009691,,,,,,,88c9588b085132dee64e22364d0391c3,
AS,aom,av2,0,A1,TimeLapse,3840x2160,60.0000,10,2560x1440,185,741.165296,35.472415,42.709635,44.118902,10.645808,13.766936,68.844833,66.183328,32.365330,37.595977,35.398574,42.703855,44.104166,0.012689,,,,,,,650b4b4d263ce20bcfda86ed232bf77f,
AS,aom,av2,0,A1,TimeLapse,3840x2160,60.0000,10,2560x1440,210,263.780527,32.860490,40.652532,42.016262,9.123155,11.089492,51.751052,49.234371,29.157901,35.224111,32.777415,40.645576,42.002547,0.015868,,,,,,,1667073ab5357309251bbeb1f8b99027,
AS,aom,av2,0,A1,TimeLapse,3840x2160,60.0000,10,2560x1440,235,93.757320,30.292280,38.576567,39.650978,7.985855,8.800337,35.107170,33.076336,26.298474,32.721309,30.200630,38.570702,39.630129,0.024026,,,,,,,3e3c08ab64cd7b0d59a742525339306a,
AS,aom,av2,0,A1,TimeLapse,3840x2160,60.0000,10,1920x1080,110,8956.878199,40.404835,47.101806,49.059848,14.429419,20.451164,90.119557,87.779932,41.151085,42.186313,40.334116,47.094365,49.024451,0.012881,,,,,,,cc152417bc5a86e6c85a471fca7e97f3,
AS,aom,av2,0,A1,TimeLapse,3840x2160,60.0000,10,1920x1080,135,3538.757858,38.850205,45.580202,47.457702,13.148334,18.110331,85.089843,82.545439,37.837446,40.722209,38.783118,45.575608,47.432335,0.013780,,,,,,,95cc2473233688221cfabc4c2182ed8d,
AS,aom,av2,0,A1,TimeLapse,3840x2160,60.0000,10,1920x1080,160,1330.123415,36.766157,43.797335,45.515350,11.551842,15.416017,75.809672,73.127460,34.378210,38.813282,36.696434,43.792495,45.499827,0.018432,,,,,,,db53a977dafd1a60795b03d72338e847,
AS,aom,av2,0,A1,TimeLapse,3840x2160,60.0000,10,1920x1080,185,484.315684,34.346157,41.909486,43.374319,9.924823,12.646875,61.549186,58.925266,31.031076,36.608318,34.267595,41.903261,43.359619,0.022583,,,,,,,0d1822193841f57e2d847fe0fa57ea1f,
AS,aom,av2,0,A1,TimeLapse,3840x2160,60.0000,10,1920x1080,210,171.856451,31.839560,39.893508,41.220862,8.614611,10.154037,44.521033,42.210904,28.015256,34.277777,31.752263,39.886715,41.201392,0.026656,,,,,,,f55f55a125bdd4759f01c342d5dd3551,
AS,aom,av2,0,A1,TimeLapse,3840x2160,60.0000,10,1920x1080,235,62.879889,29.329337,37.767488,38.857308,7.621495,8.107020,28.595257,26.835038,25.273912,31.807195,29.235476,37.764522,38.817186,0.042773,,,,,,,c19a489204eae687d0f7414ea45711b6,
AS,aom,av2,0,A1,TimeLapse,3840x2160,60.0000,10,1280x720,110,4450.068086,37.178900,45.276238,47.509476,11.952987,17.530675,80.500745,78.080577,36.109565,39.870805,37.091011,45.269113,47.496400,0.012845,,,,,,,5f959ce2308a9ce5971aa1ad64d0fdd6,
AS,aom,av2,0,A1,TimeLapse,3840x2160,60.0000,10,1280x720,135,1854.829478,36.210274,43.958756,46.027799,11.187171,15.826716,73.964269,71.514862,34.253527,38.702102,36.130363,43.954402,46.016782,0.017791,,,,,,,f898e68f7f968fcd0b9cb8513dcc5122,
AS,aom,av2,0,A1,TimeLapse,3840x2160,60.0000,10,1280x720,160,724.315684,34.642354,42.321365,44.222301,10.062899,13.546780,62.907966,60.496220,31.743186,37.049220,34.561117,42.317688,44.209552,0.021044,,,,,,,81f3c70a2c41fab14bdd40aea1fc7540,
AS,aom,av2,0,A1,TimeLapse,3840x2160,60.0000,10,1280x720,185,264.031353,32.578287,40.578553,42.300155,8.858668,11.084411,47.220577,45.144873,28.977823,35.057561,32.490827,40.572790,42.286312,0.026030,,,,,,,03c84028a0040ad83c469a4cae6c18bb,
AS,aom,av2,0,A1,TimeLapse,3840x2160,60.0000,10,1280x720,210,94.539307,30.318680,38.793101,40.206664,7.913877,8.914709,32.037790,30.389152,26.365324,32.919530,30.226854,38.787021,40.185737,0.041475,,,,,,,0c3b27e887ba2b1de9192661b012518c,
AS,aom,av2,0,A1,TimeLapse,3840x2160,60.0000,10,1280x720,235,35.687390,27.997032,36.852131,38.110941,7.163605,7.195151,19.016815,17.723046,23.911648,30.643564,27.907235,36.844927,38.070625,0.077034,,,,,,,2cb9c7c840b8a554f2f8c6d77ec20270,
AS,aom,av2,0,A1,TimeLapse,3840x2160,60.0000,10,960x540,110,2627.421809,34.680747,43.842002,46.275152,10.069306,14.913680,67.636858,65.128908,31.965263,37.986588,34.581258,43.833990,46.268775,0.015699,,,,,,,d5aae68676e2e33765178805d1bd7ea5,
AS,aom,av2,0,A1,TimeLapse,3840x2160,60.0000,10,960x540,135,1132.811804,34.062688,42.684516,44.962124,9.632927,13.788149,60.622784,58.179926,31.019808,37.054940,33.970703,42.680042,44.955071,0.022810,,,,,,,12318ea2cba04dca0370c55c2ff63bb3,
AS,aom,av2,0,A1,TimeLapse,3840x2160,60.0000,10,960x540,160,456.525628,32.919036,41.242291,43.273588,8.915203,12.029211,49.282342,47.002663,29.430812,35.664550,32.828485,41.238979,43.265406,0.027390,,,,,,,c5ce95f8477634c539e53579a33f11db,
AS,aom,av2,0,A1,TimeLapse,3840x2160,60.0000,10,960x540,185,168.772766,31.227520,39.713651,41.451526,8.112515,9.976249,34.711982,32.898297,27.364251,33.919020,31.137648,39.709991,41.439269,0.037075,,,,,,,1358f6deff9bd6094ef5cf95bf61a1aa,
AS,aom,av2,0,A1,TimeLapse,3840x2160,60.0000,10,960x540,210,62.396680,29.231813,37.929146,39.262655,7.439215,8.126474,22.288707,20.891959,25.159080,31.896950,29.138674,37.923769,39.229861,0.062768,,,,,,,4ff69e3c85bbffb53abe111c4b05e34d,
AS,aom,av2,0,A1,TimeLapse,3840x2160,60.0000,10,960x540,235,24.842849,27.088664,36.086368,37.678768,6.879289,6.576406,11.639962,10.689602,22.990572,29.822501,27.002634,36.075958,37.615299,0.117071,,,,,,,f0e8dfe7cc58073ca791b667a831769d,
AS,aom,av2,0,A1,TimeLapse,3840x2160,60.0000,10,640x360,110,1227.078153,32.065332,42.425292,44.879902,8.345823,12.111638,43.077019,40.940618,28.107392,35.863505,31.963810,42.418929,44.865293,0.017851,,,,,,,0a01e431c7a1a925437ace168955417f,
AS,aom,av2,0,A1,TimeLapse,3840x2160,60.0000,10,640x360,135,560.729117,31.689549,41.418149,43.698531,8.155433,11.436843,37.078429,35.133332,27.664230,35.156513,31.594101,41.414109,43.686846,0.024386,,,,,,,fef1a17174a3f045aaea8e836f40e8ae,
AS,aom,av2,0,A1,TimeLapse,3840x2160,60.0000,10,640x360,160,234.511335,30.877860,40.078988,42.166316,7.791890,10.191254,27.427287,25.870801,26.756250,33.993825,30.785484,40.073969,42.150533,0.027966,,,,,,,66e87c02846f91c12a985fa6fb4bff76,
AS,aom,av2,0,A1,TimeLapse,3840x2160,60.0000,10,640x360,185,90.076078,29.541717,38.572230,40.313510,7.338434,8.607820,17.947567,16.729300,25.355221,32.441189,29.449609,38.566168,40.292185,0.042623,,,,,,,0bdaaa5734da43c8fd442c53f9201441,
AS,aom,av2,0,A1,TimeLapse,3840x2160,60.0000,10,640x360,210,34.890648,27.824417,36.806710,38.528975,6.916147,7.121841,10.424737,9.599803,23.654027,30.559889,27.733151,36.801347,38.464833,0.094362,,,,,,,da8f661903c70f9ea26ed7ba44856f5d,
AS,aom,av2,0,A1,TimeLapse,3840x2160,60.0000,10,640x360,235,14.938907,25.830632,35.299326,36.664747,6.531661,5.823794,3.788813,3.067038,21.759431,28.557488,25.746844,35.295672,36.619066,0.206588,,,,,,,863c46a2b9f97235e5db076f386ec6d4,
